#pragma once

const uint32_t atomic_draw_image_rect_webgpu_frag[] = {
    0x07230203,0x00010000,0x0008000b,0x00001e63,0x00000000,0x00020011,0x00000001,0x0006000b,
    0x00000001,0x4c534c47,0x6474732e,0x3035342e,0x00000000,0x0003000e,0x00000000,0x00000001,
    0x000d000f,0x00000004,0x00000004,0x6e69616d,0x00000000,0x000003f9,0x0000051c,0x00000521,
    0x00000528,0x0000055b,0x00000575,0x00000593,0x00000599,0x00030010,0x00000004,0x00000007,
    0x00030003,0x00000002,0x000001cc,0x000a0004,0x415f4c47,0x665f4252,0x6d676172,0x5f746e65,
    0x64616873,0x695f7265,0x7265746e,0x6b636f6c,0x00000000,0x000a0004,0x415f4c47,0x735f4252,
    0x65646168,0x74735f72,0x6761726f,0x75625f65,0x72656666,0x6a626f5f,0x00746365,0x000b0004,
    0x455f4c47,0x735f5458,0x6c706d61,0x656c7265,0x745f7373,0x75747865,0x665f6572,0x74636e75,
    0x736e6f69,0x00000000,0x000a0004,0x475f4c47,0x4c474f4f,0x70635f45,0x74735f70,0x5f656c79,
    0x656e696c,0x7269645f,0x69746365,0x00006576,0x00080004,0x475f4c47,0x4c474f4f,0x6e695f45,
    0x64756c63,0x69645f65,0x74636572,0x00657669,0x00040005,0x00000004,0x6e69616d,0x00000000,
    0x00030005,0x00000159,0x0000684f,0x00030005,0x000002cc,0x0000684e,0x00030005,0x00000390,
    0x0000666b,0x00040006,0x00000390,0x00000000,0x00003267,0x00030005,0x00000392,0x00004443,
    0x00030005,0x000003a2,0x0000684c,0x00030005,0x000003bb,0x00006848,0x00040005,0x000003c8,
    0x64533069,0x00000000,0x00040006,0x000003c8,0x00000000,0x00003267,0x00030005,0x000003ca,
    0x00003069,0x00030005,0x000003d6,0x00006849,0x00030005,0x000003e4,0x0000666c,0x00040006,
    0x000003e4,0x00000000,0x00003267,0x00030005,0x000003e6,0x00004250,0x00060005,0x000003f9,
    0x465f6c67,0x43676172,0x64726f6f,0x00000000,0x00030005,0x00000425,0x0000684a,0x00030005,
    0x00000473,0x00004254,0x00040006,0x00000473,0x00000000,0x00006374,0x00040006,0x00000473,
    0x00000001,0x00006443,0x00040006,0x00000473,0x00000002,0x00006648,0x00040006,0x00000473,
    0x00000003,0x00006649,0x00040006,0x00000473,0x00000004,0x0000366e,0x00040006,0x00000473,
    0x00000005,0x0000624e,0x00040006,0x00000473,0x00000006,0x00006674,0x00040006,0x00000473,
    0x00000007,0x00006675,0x00040006,0x00000473,0x00000008,0x00003755,0x00040006,0x00000473,
    0x00000009,0x00006868,0x00040006,0x00000473,0x0000000a,0x00006444,0x00040006,0x00000473,
    0x0000000b,0x00003266,0x00040006,0x00000473,0x0000000c,0x0000686c,0x00040006,0x00000473,
    0x0000000d,0x00003663,0x00040006,0x00000473,0x0000000e,0x00003257,0x00040006,0x00000473,
    0x0000000f,0x00006445,0x00040006,0x00000473,0x00000010,0x0000666e,0x00040006,0x00000473,
    0x00000011,0x00003346,0x00040006,0x00000473,0x00000012,0x00003347,0x00040006,0x00000473,
    0x00000013,0x00006446,0x00040006,0x00000473,0x00000014,0x00006865,0x00040006,0x00000473,
    0x00000015,0x0000624d,0x00040006,0x00000473,0x00000016,0x0000625a,0x00040006,0x00000473,
    0x00000017,0x00006361,0x00030005,0x00000475,0x0000006a,0x00030005,0x00000481,0x00004444,
    0x00030005,0x00000485,0x0000394d,0x00040005,0x000004b4,0x6453306d,0x00000000,0x00040006,
    0x000004b4,0x00000000,0x00003267,0x00030005,0x000004b6,0x0000306d,0x00030005,0x00000516,
    0x00004347,0x00030005,0x00000518,0x00003557,0x00030005,0x0000051c,0x00003263,0x00030005,
    0x00000521,0x0000345a,0x00030005,0x00000528,0x0000304f,0x00040005,0x00000535,0x64533441,
    0x00000000,0x00040006,0x00000535,0x00000000,0x00003267,0x00030005,0x00000537,0x00003441,
    0x00030005,0x0000055b,0x00003342,0x00030005,0x00000575,0x00003561,0x00030005,0x00000593,
    0x0000314b,0x00030005,0x00000599,0x00003144,0x00030005,0x000005f5,0x00006163,0x00030005,
    0x000005f6,0x00004358,0x00040047,0x00000159,0x00000001,0x00000007,0x00040047,0x000002cc,
    0x00000001,0x00000006,0x00040047,0x0000038f,0x00000006,0x00000008,0x00030047,0x00000390,
    0x00000003,0x00040048,0x00000390,0x00000000,0x00000018,0x00050048,0x00000390,0x00000000,
    0x00000023,0x00000000,0x00030047,0x00000392,0x00000018,0x00040047,0x00000392,0x00000021,
    0x00000003,0x00040047,0x00000392,0x00000022,0x00000000,0x00040047,0x000003a2,0x00000001,
    0x00000004,0x00040047,0x000003bb,0x00000001,0x00000000,0x00040047,0x000003c7,0x00000006,
    0x00000004,0x00030047,0x000003c8,0x00000003,0x00050048,0x000003c8,0x00000000,0x00000023,
    0x00000000,0x00040047,0x000003ca,0x00000021,0x00000001,0x00040047,0x000003ca,0x00000022,
    0x00000002,0x00040047,0x000003d6,0x00000001,0x00000001,0x00040047,0x000003e3,0x00000006,
    0x00000010,0x00030047,0x000003e4,0x00000003,0x00040048,0x000003e4,0x00000000,0x00000018,
    0x00050048,0x000003e4,0x00000000,0x00000023,0x00000000,0x00030047,0x000003e6,0x00000018,
    0x00040047,0x000003e6,0x00000021,0x00000004,0x00040047,0x000003e6,0x00000022,0x00000000,
    0x00040047,0x000003f9,0x0000000b,0x0000000f,0x00040047,0x00000425,0x00000001,0x00000002,
    0x00030047,0x00000473,0x00000002,0x00050048,0x00000473,0x00000000,0x00000023,0x00000000,
    0x00050048,0x00000473,0x00000001,0x00000023,0x00000004,0x00050048,0x00000473,0x00000002,
    0x00000023,0x00000008,0x00050048,0x00000473,0x00000003,0x00000023,0x0000000c,0x00050048,
    0x00000473,0x00000004,0x00000023,0x00000010,0x00050048,0x00000473,0x00000005,0x00000023,
    0x00000014,0x00050048,0x00000473,0x00000006,0x00000023,0x00000018,0x00050048,0x00000473,
    0x00000007,0x00000023,0x0000001c,0x00050048,0x00000473,0x00000008,0x00000023,0x00000020,
    0x00050048,0x00000473,0x00000009,0x00000023,0x00000030,0x00050048,0x00000473,0x0000000a,
    0x00000023,0x00000038,0x00050048,0x00000473,0x0000000b,0x00000023,0x00000040,0x00050048,
    0x00000473,0x0000000c,0x00000023,0x00000044,0x00050048,0x00000473,0x0000000d,0x00000023,
    0x00000048,0x00050048,0x00000473,0x0000000e,0x00000023,0x0000004c,0x00050048,0x00000473,
    0x0000000f,0x00000023,0x00000050,0x00050048,0x00000473,0x00000010,0x00000023,0x00000054,
    0x00050048,0x00000473,0x00000011,0x00000023,0x00000058,0x00050048,0x00000473,0x00000012,
    0x00000023,0x0000005c,0x00050048,0x00000473,0x00000013,0x00000023,0x00000060,0x00050048,
    0x00000473,0x00000014,0x00000023,0x00000064,0x00050048,0x00000473,0x00000015,0x00000023,
    0x00000068,0x00050048,0x00000473,0x00000016,0x00000023,0x0000006c,0x00050048,0x00000473,
    0x00000017,0x00000023,0x00000070,0x00040047,0x00000475,0x00000021,0x00000000,0x00040047,
    0x00000475,0x00000022,0x00000000,0x00030047,0x00000481,0x00000000,0x00040047,0x00000481,
    0x00000021,0x00000008,0x00040047,0x00000481,0x00000022,0x00000000,0x00030047,0x00000485,
    0x00000000,0x00040047,0x00000485,0x00000021,0x00000008,0x00040047,0x00000485,0x00000022,
    0x00000003,0x00040047,0x000004b3,0x00000006,0x00000004,0x00030047,0x000004b4,0x00000003,
    0x00050048,0x000004b4,0x00000000,0x00000023,0x00000000,0x00040047,0x000004b6,0x00000021,
    0x00000000,0x00040047,0x000004b6,0x00000022,0x00000002,0x00030047,0x00000516,0x00000000,
    0x00040047,0x00000516,0x00000021,0x0000000b,0x00040047,0x00000516,0x00000022,0x00000001,
    0x00030047,0x00000517,0x00000000,0x00030047,0x00000518,0x00000000,0x00040047,0x00000518,
    0x00000021,0x0000000d,0x00040047,0x00000518,0x00000022,0x00000001,0x00030047,0x00000519,
    0x00000000,0x00040047,0x0000051c,0x0000001e,0x00000000,0x00030047,0x0000051e,0x00000000,
    0x00030047,0x00000521,0x00000000,0x00040047,0x00000521,0x0000001e,0x00000001,0x00030047,
    0x00000522,0x00000000,0x00030047,0x00000524,0x00000000,0x00040047,0x00000528,0x0000001e,
    0x00000003,0x00030047,0x00000532,0x00000000,0x00040047,0x00000534,0x00000006,0x00000004,
    0x00030047,0x00000535,0x00000003,0x00050048,0x00000535,0x00000000,0x00000023,0x00000000,
    0x00040047,0x00000537,0x00000021,0x00000003,0x00040047,0x00000537,0x00000022,0x00000002,
    0x00030047,0x0000055b,0x00000000,0x00030047,0x0000055b,0x0000000e,0x00040047,0x0000055b,
    0x0000001e,0x00000005,0x00030047,0x0000055c,0x00000000,0x00030047,0x0000056e,0x00000000,
    0x00040047,0x00000575,0x0000001e,0x00000002,0x00030047,0x00000580,0x00000000,0x00030047,
    0x00000581,0x00000000,0x00030047,0x00000584,0x00000000,0x00030047,0x00000586,0x00000000,
    0x00030047,0x00000588,0x00000000,0x00030047,0x00000589,0x00000000,0x00030047,0x00000592,
    0x00000000,0x00030047,0x00000593,0x00000000,0x00030047,0x00000593,0x0000000e,0x00040047,
    0x00000593,0x0000001e,0x00000004,0x00030047,0x00000594,0x00000000,0x00030047,0x00000596,
    0x00000000,0x00030047,0x00000599,0x00000000,0x00030047,0x00000599,0x0000000e,0x00040047,
    0x00000599,0x0000001e,0x00000006,0x00030047,0x0000059a,0x00000000,0x00030047,0x000005a5,
    0x00000000,0x00030047,0x000005a6,0x00000000,0x00030047,0x000005b1,0x00000000,0x00030047,
    0x000005b5,0x00000000,0x00030047,0x000005be,0x00000000,0x00030047,0x000005c1,0x00000000,
    0x00030047,0x000005c2,0x00000000,0x00030047,0x000005c3,0x00000000,0x00030047,0x000005c5,
    0x00000000,0x00030047,0x000005ca,0x00000000,0x00030047,0x000005cd,0x00000000,0x00030047,
    0x000005f5,0x00000000,0x00040047,0x000005f5,0x00000021,0x00000009,0x00040047,0x000005f5,
    0x00000022,0x00000003,0x00030047,0x000005f6,0x00000000,0x00040047,0x000005f6,0x00000021,
    0x00000009,0x00040047,0x000005f6,0x00000022,0x00000000,0x00030047,0x0000062a,0x00000000,
    0x00030047,0x0000062c,0x00000000,0x00030047,0x0000062d,0x00000000,0x00030047,0x0000062f,
    0x00000000,0x00030047,0x00000631,0x00000000,0x00030047,0x00000632,0x00000000,0x00030047,
    0x0000067c,0x00000000,0x00030047,0x00000686,0x00000000,0x00030047,0x00000687,0x00000000,
    0x00030047,0x00000688,0x00000000,0x00030047,0x00000689,0x00000000,0x00030047,0x0000068a,
    0x00000000,0x00030047,0x0000068b,0x00000000,0x00030047,0x00000691,0x00000000,0x00030047,
    0x000006c6,0x00000000,0x00030047,0x000006c8,0x00000000,0x00030047,0x000006c9,0x00000000,
    0x00030047,0x000006ca,0x00000000,0x00030047,0x000006cb,0x00000000,0x00030047,0x000006ce,
    0x00000000,0x00030047,0x000006e9,0x00000000,0x00030047,0x0000071d,0x00000000,0x00030047,
    0x0000071e,0x00000000,0x00030047,0x00000723,0x00000000,0x00030047,0x00000728,0x00000000,
    0x00030047,0x0000072a,0x00000000,0x00030047,0x0000072b,0x00000000,0x00030047,0x00000739,
    0x00000000,0x00030047,0x00000740,0x00000000,0x00030047,0x00000742,0x00000000,0x00030047,
    0x0000074a,0x00000000,0x00030047,0x00000756,0x00000000,0x00030047,0x00000758,0x00000000,
    0x00030047,0x00000759,0x00000000,0x00030047,0x00000763,0x00000000,0x00030047,0x000007b5,
    0x00000000,0x00030047,0x000007c4,0x00000000,0x00030047,0x000007c5,0x00000000,0x00030047,
    0x000007c7,0x00000000,0x00030047,0x000007f1,0x00000000,0x00030047,0x000007f3,0x00000000,
    0x00030047,0x000007f5,0x00000000,0x00030047,0x000007f7,0x00000000,0x00030047,0x000007fa,
    0x00000000,0x00030047,0x000007fb,0x00000000,0x00030047,0x000007fd,0x00000000,0x00030047,
    0x000007ff,0x00000000,0x00030047,0x00000803,0x00000000,0x00030047,0x00000805,0x00000000,
    0x00030047,0x00000807,0x00000000,0x00030047,0x0000080a,0x00000000,0x00030047,0x0000080b,
    0x00000000,0x00030047,0x0000080c,0x00000000,0x00030047,0x0000080e,0x00000000,0x00030047,
    0x00000810,0x00000000,0x00030047,0x00000812,0x00000000,0x00030047,0x00000814,0x00000000,
    0x00030047,0x0000081a,0x00000000,0x00030047,0x0000081b,0x00000000,0x00030047,0x00000822,
    0x00000000,0x00030047,0x00000824,0x00000000,0x00030047,0x00000827,0x00000000,0x00030047,
    0x0000082a,0x00000000,0x00030047,0x0000082d,0x00000000,0x00030047,0x0000082f,0x00000000,
    0x00030047,0x00000830,0x00000000,0x00030047,0x00000833,0x00000000,0x00030047,0x00000836,
    0x00000000,0x00030047,0x00000837,0x00000000,0x00030047,0x00000839,0x00000000,0x00030047,
    0x0000083c,0x00000000,0x00030047,0x00000841,0x00000000,0x00030047,0x00000842,0x00000000,
    0x00030047,0x00000850,0x00000000,0x00030047,0x00000852,0x00000000,0x00030047,0x00000853,
    0x00000000,0x00030047,0x00000854,0x00000000,0x00030047,0x00000857,0x00000000,0x00030047,
    0x0000085a,0x00000000,0x00030047,0x0000085b,0x00000000,0x00030047,0x0000085c,0x00000000,
    0x00030047,0x0000085e,0x00000000,0x00030047,0x00000861,0x00000000,0x00030047,0x00000862,
    0x00000000,0x00030047,0x00000864,0x00000000,0x00030047,0x00000866,0x00000000,0x00030047,
    0x00000868,0x00000000,0x00030047,0x0000086c,0x00000000,0x00030047,0x0000086e,0x00000000,
    0x00030047,0x00000870,0x00000000,0x00030047,0x00000873,0x00000000,0x00030047,0x00000874,
    0x00000000,0x00030047,0x00000875,0x00000000,0x00030047,0x0000087e,0x00000000,0x00030047,
    0x00000884,0x00000000,0x00030047,0x00000885,0x00000000,0x00030047,0x0000088a,0x00000000,
    0x00030047,0x00000890,0x00000000,0x00030047,0x00000891,0x00000000,0x00030047,0x00000892,
    0x00000000,0x00030047,0x00000895,0x00000000,0x00030047,0x00000896,0x00000000,0x00030047,
    0x00000897,0x00000000,0x00030047,0x0000089d,0x00000000,0x00030047,0x0000089e,0x00000000,
    0x00030047,0x0000089f,0x00000000,0x00030047,0x000008a9,0x00000000,0x00030047,0x000008aa,
    0x00000000,0x00030047,0x000008ac,0x00000000,0x00030047,0x000008ad,0x00000000,0x00030047,
    0x000008ae,0x00000000,0x00030047,0x000008af,0x00000000,0x00030047,0x000008b0,0x00000000,
    0x00030047,0x000008b3,0x00000000,0x00030047,0x000008b4,0x00000000,0x00030047,0x000008b5,
    0x00000000,0x00030047,0x000008b7,0x00000000,0x00030047,0x000008b9,0x00000000,0x00030047,
    0x000008bb,0x00000000,0x00030047,0x000008bd,0x00000000,0x00030047,0x000008be,0x00000000,
    0x00030047,0x000008c1,0x00000000,0x00030047,0x000008c4,0x00000000,0x00030047,0x000008cc,
    0x00000000,0x00030047,0x000008cf,0x00000000,0x00030047,0x000008d7,0x00000000,0x00030047,
    0x000008da,0x00000000,0x00030047,0x000008e1,0x00000000,0x00030047,0x000008e4,0x00000000,
    0x00030047,0x000008ea,0x00000000,0x00030047,0x000008ef,0x00000000,0x00030047,0x000008f1,
    0x00000000,0x00030047,0x000008f6,0x00000000,0x00030047,0x000008fa,0x00000000,0x00030047,
    0x00000996,0x00000000,0x00030047,0x0000099a,0x00000000,0x00030047,0x0000099b,0x00000000,
    0x00030047,0x000009ae,0x00000000,0x00030047,0x000009af,0x00000000,0x00030047,0x000009b3,
    0x00000000,0x00030047,0x000009b5,0x00000000,0x00030047,0x000009b6,0x00000000,0x00030047,
    0x000009bf,0x00000000,0x00030047,0x000009c6,0x00000000,0x00030047,0x000009ce,0x00000000,
    0x00030047,0x000009cf,0x00000000,0x00030047,0x000009d3,0x00000000,0x00030047,0x000009d5,
    0x00000000,0x00030047,0x000009d6,0x00000000,0x00030047,0x000009de,0x00000000,0x00030047,
    0x000009df,0x00000000,0x00030047,0x000009e3,0x00000000,0x00030047,0x000009e5,0x00000000,
    0x00030047,0x000009e6,0x00000000,0x00030047,0x000009fc,0x00000000,0x00030047,0x000009fd,
    0x00000000,0x00030047,0x000009ff,0x00000000,0x00030047,0x00000a05,0x00000000,0x00030047,
    0x00000a09,0x00000000,0x00030047,0x00000a0a,0x00000000,0x00030047,0x00000a0d,0x00000000,
    0x00030047,0x00000a0f,0x00000000,0x00030047,0x00000a10,0x00000000,0x00030047,0x00000a11,
    0x00000000,0x00030047,0x00000a14,0x00000000,0x00030047,0x00000a16,0x00000000,0x00030047,
    0x00000a17,0x00000000,0x00030047,0x00000a1f,0x00000000,0x00030047,0x00000a31,0x00000000,
    0x00030047,0x00000a53,0x00000000,0x00030047,0x00000a54,0x00000000,0x00030047,0x00000a58,
    0x00000000,0x00030047,0x00000a5a,0x00000000,0x00030047,0x00000a5b,0x00000000,0x00030047,
    0x00000a64,0x00000000,0x00030047,0x00000a6b,0x00000000,0x00030047,0x00000a9a,0x00000000,
    0x00030047,0x00000a9e,0x00000000,0x00030047,0x00000a9f,0x00000000,0x00030047,0x00000ab2,
    0x00000000,0x00030047,0x00000ab3,0x00000000,0x00030047,0x00000ab7,0x00000000,0x00030047,
    0x00000ab9,0x00000000,0x00030047,0x00000aba,0x00000000,0x00030047,0x00000ac3,0x00000000,
    0x00030047,0x00000aca,0x00000000,0x00030047,0x00000ad2,0x00000000,0x00030047,0x00000ad3,
    0x00000000,0x00030047,0x00000ad7,0x00000000,0x00030047,0x00000ad9,0x00000000,0x00030047,
    0x00000ada,0x00000000,0x00030047,0x00000ae2,0x00000000,0x00030047,0x00000ae3,0x00000000,
    0x00030047,0x00000ae7,0x00000000,0x00030047,0x00000ae9,0x00000000,0x00030047,0x00000aea,
    0x00000000,0x00030047,0x00000b00,0x00000000,0x00030047,0x00000b01,0x00000000,0x00030047,
    0x00000b03,0x00000000,0x00030047,0x00000b09,0x00000000,0x00030047,0x00000b0d,0x00000000,
    0x00030047,0x00000b0e,0x00000000,0x00030047,0x00000b11,0x00000000,0x00030047,0x00000b13,
    0x00000000,0x00030047,0x00000b14,0x00000000,0x00030047,0x00000b15,0x00000000,0x00030047,
    0x00000b18,0x00000000,0x00030047,0x00000b1a,0x00000000,0x00030047,0x00000b1b,0x00000000,
    0x00030047,0x00000b23,0x00000000,0x00030047,0x00000b35,0x00000000,0x00030047,0x00000b57,
    0x00000000,0x00030047,0x00000b58,0x00000000,0x00030047,0x00000b5c,0x00000000,0x00030047,
    0x00000b5e,0x00000000,0x00030047,0x00000b5f,0x00000000,0x00030047,0x00000b68,0x00000000,
    0x00030047,0x00000b6f,0x00000000,0x00030047,0x00000ba4,0x00000000,0x00030047,0x00000ba5,
    0x00000000,0x00030047,0x00000ba7,0x00000000,0x00030047,0x00000bad,0x00000000,0x00030047,
    0x00000bb1,0x00000000,0x00030047,0x00000bb2,0x00000000,0x00030047,0x00000bb5,0x00000000,
    0x00030047,0x00000bb7,0x00000000,0x00030047,0x00000bb8,0x00000000,0x00030047,0x00000bb9,
    0x00000000,0x00030047,0x00000bbc,0x00000000,0x00030047,0x00000bbe,0x00000000,0x00030047,
    0x00000bbf,0x00000000,0x00030047,0x00000bc7,0x00000000,0x00030047,0x00000bd9,0x00000000,
    0x00030047,0x00000bfb,0x00000000,0x00030047,0x00000bfc,0x00000000,0x00030047,0x00000c00,
    0x00000000,0x00030047,0x00000c02,0x00000000,0x00030047,0x00000c03,0x00000000,0x00030047,
    0x00000c0c,0x00000000,0x00030047,0x00000c13,0x00000000,0x00030047,0x00000c48,0x00000000,
    0x00030047,0x00000c49,0x00000000,0x00030047,0x00000c4b,0x00000000,0x00030047,0x00000c51,
    0x00000000,0x00030047,0x00000c55,0x00000000,0x00030047,0x00000c56,0x00000000,0x00030047,
    0x00000c59,0x00000000,0x00030047,0x00000c5b,0x00000000,0x00030047,0x00000c5c,0x00000000,
    0x00030047,0x00000c5d,0x00000000,0x00030047,0x00000c60,0x00000000,0x00030047,0x00000c62,
    0x00000000,0x00030047,0x00000c63,0x00000000,0x00030047,0x00000c6b,0x00000000,0x00030047,
    0x00000c7d,0x00000000,0x00030047,0x00000c9f,0x00000000,0x00030047,0x00000ca0,0x00000000,
    0x00030047,0x00000ca4,0x00000000,0x00030047,0x00000ca6,0x00000000,0x00030047,0x00000ca7,
    0x00000000,0x00030047,0x00000cb0,0x00000000,0x00030047,0x00000cb7,0x00000000,0x00030047,
    0x00000d09,0x00000000,0x00030047,0x00000d0b,0x00000000,0x00030047,0x00000d10,0x00000000,
    0x00030047,0x00000d14,0x00000000,0x00030047,0x00000d16,0x00000000,0x00030047,0x00000d25,
    0x00000000,0x00030047,0x00000d26,0x00000000,0x00030047,0x00000d28,0x00000000,0x00030047,
    0x00000d52,0x00000000,0x00030047,0x00000d54,0x00000000,0x00030047,0x00000d56,0x00000000,
    0x00030047,0x00000d58,0x00000000,0x00030047,0x00000d5b,0x00000000,0x00030047,0x00000d5c,
    0x00000000,0x00030047,0x00000d5e,0x00000000,0x00030047,0x00000d60,0x00000000,0x00030047,
    0x00000d64,0x00000000,0x00030047,0x00000d66,0x00000000,0x00030047,0x00000d68,0x00000000,
    0x00030047,0x00000d6b,0x00000000,0x00030047,0x00000d6c,0x00000000,0x00030047,0x00000d6d,
    0x00000000,0x00030047,0x00000d6f,0x00000000,0x00030047,0x00000d71,0x00000000,0x00030047,
    0x00000d73,0x00000000,0x00030047,0x00000d75,0x00000000,0x00030047,0x00000d7b,0x00000000,
    0x00030047,0x00000d7c,0x00000000,0x00030047,0x00000d83,0x00000000,0x00030047,0x00000d85,
    0x00000000,0x00030047,0x00000d88,0x00000000,0x00030047,0x00000d8b,0x00000000,0x00030047,
    0x00000d8e,0x00000000,0x00030047,0x00000d90,0x00000000,0x00030047,0x00000d91,0x00000000,
    0x00030047,0x00000d94,0x00000000,0x00030047,0x00000d97,0x00000000,0x00030047,0x00000d98,
    0x00000000,0x00030047,0x00000d9a,0x00000000,0x00030047,0x00000d9d,0x00000000,0x00030047,
    0x00000da2,0x00000000,0x00030047,0x00000da3,0x00000000,0x00030047,0x00000db1,0x00000000,
    0x00030047,0x00000db3,0x00000000,0x00030047,0x00000db4,0x00000000,0x00030047,0x00000db5,
    0x00000000,0x00030047,0x00000db8,0x00000000,0x00030047,0x00000dbb,0x00000000,0x00030047,
    0x00000dbc,0x00000000,0x00030047,0x00000dbd,0x00000000,0x00030047,0x00000dbf,0x00000000,
    0x00030047,0x00000dc2,0x00000000,0x00030047,0x00000dc3,0x00000000,0x00030047,0x00000dc5,
    0x00000000,0x00030047,0x00000dc7,0x00000000,0x00030047,0x00000dc9,0x00000000,0x00030047,
    0x00000dcd,0x00000000,0x00030047,0x00000dcf,0x00000000,0x00030047,0x00000dd1,0x00000000,
    0x00030047,0x00000dd4,0x00000000,0x00030047,0x00000dd5,0x00000000,0x00030047,0x00000dd6,
    0x00000000,0x00030047,0x00000ddf,0x00000000,0x00030047,0x00000de5,0x00000000,0x00030047,
    0x00000de6,0x00000000,0x00030047,0x00000deb,0x00000000,0x00030047,0x00000df1,0x00000000,
    0x00030047,0x00000df2,0x00000000,0x00030047,0x00000df3,0x00000000,0x00030047,0x00000df6,
    0x00000000,0x00030047,0x00000df7,0x00000000,0x00030047,0x00000df8,0x00000000,0x00030047,
    0x00000dfe,0x00000000,0x00030047,0x00000dff,0x00000000,0x00030047,0x00000e00,0x00000000,
    0x00030047,0x00000e0a,0x00000000,0x00030047,0x00000e0b,0x00000000,0x00030047,0x00000e0d,
    0x00000000,0x00030047,0x00000e0e,0x00000000,0x00030047,0x00000e0f,0x00000000,0x00030047,
    0x00000e10,0x00000000,0x00030047,0x00000e11,0x00000000,0x00030047,0x00000e14,0x00000000,
    0x00030047,0x00000e15,0x00000000,0x00030047,0x00000e16,0x00000000,0x00030047,0x00000e18,
    0x00000000,0x00030047,0x00000e1a,0x00000000,0x00030047,0x00000e1c,0x00000000,0x00030047,
    0x00000e1e,0x00000000,0x00030047,0x00000e1f,0x00000000,0x00030047,0x00000e22,0x00000000,
    0x00030047,0x00000e25,0x00000000,0x00030047,0x00000e2d,0x00000000,0x00030047,0x00000e30,
    0x00000000,0x00030047,0x00000e38,0x00000000,0x00030047,0x00000e3b,0x00000000,0x00030047,
    0x00000e42,0x00000000,0x00030047,0x00000e45,0x00000000,0x00030047,0x00000e4b,0x00000000,
    0x00030047,0x00000e50,0x00000000,0x00030047,0x00000e52,0x00000000,0x00030047,0x00000e57,
    0x00000000,0x00030047,0x00000e5b,0x00000000,0x00030047,0x00000ef7,0x00000000,0x00030047,
    0x00000efb,0x00000000,0x00030047,0x00000efc,0x00000000,0x00030047,0x00000f0f,0x00000000,
    0x00030047,0x00000f10,0x00000000,0x00030047,0x00000f14,0x00000000,0x00030047,0x00000f16,
    0x00000000,0x00030047,0x00000f17,0x00000000,0x00030047,0x00000f20,0x00000000,0x00030047,
    0x00000f27,0x00000000,0x00030047,0x00000f2f,0x00000000,0x00030047,0x00000f30,0x00000000,
    0x00030047,0x00000f34,0x00000000,0x00030047,0x00000f36,0x00000000,0x00030047,0x00000f37,
    0x00000000,0x00030047,0x00000f3f,0x00000000,0x00030047,0x00000f40,0x00000000,0x00030047,
    0x00000f44,0x00000000,0x00030047,0x00000f46,0x00000000,0x00030047,0x00000f47,0x00000000,
    0x00030047,0x00000f5d,0x00000000,0x00030047,0x00000f5e,0x00000000,0x00030047,0x00000f60,
    0x00000000,0x00030047,0x00000f66,0x00000000,0x00030047,0x00000f6a,0x00000000,0x00030047,
    0x00000f6b,0x00000000,0x00030047,0x00000f6e,0x00000000,0x00030047,0x00000f70,0x00000000,
    0x00030047,0x00000f71,0x00000000,0x00030047,0x00000f72,0x00000000,0x00030047,0x00000f75,
    0x00000000,0x00030047,0x00000f77,0x00000000,0x00030047,0x00000f78,0x00000000,0x00030047,
    0x00000f80,0x00000000,0x00030047,0x00000f92,0x00000000,0x00030047,0x00000fb4,0x00000000,
    0x00030047,0x00000fb5,0x00000000,0x00030047,0x00000fb9,0x00000000,0x00030047,0x00000fbb,
    0x00000000,0x00030047,0x00000fbc,0x00000000,0x00030047,0x00000fc5,0x00000000,0x00030047,
    0x00000fcc,0x00000000,0x00030047,0x00000ffb,0x00000000,0x00030047,0x00000fff,0x00000000,
    0x00030047,0x00001000,0x00000000,0x00030047,0x00001013,0x00000000,0x00030047,0x00001014,
    0x00000000,0x00030047,0x00001018,0x00000000,0x00030047,0x0000101a,0x00000000,0x00030047,
    0x0000101b,0x00000000,0x00030047,0x00001024,0x00000000,0x00030047,0x0000102b,0x00000000,
    0x00030047,0x00001033,0x00000000,0x00030047,0x00001034,0x00000000,0x00030047,0x00001038,
    0x00000000,0x00030047,0x0000103a,0x00000000,0x00030047,0x0000103b,0x00000000,0x00030047,
    0x00001043,0x00000000,0x00030047,0x00001044,0x00000000,0x00030047,0x00001048,0x00000000,
    0x00030047,0x0000104a,0x00000000,0x00030047,0x0000104b,0x00000000,0x00030047,0x00001061,
    0x00000000,0x00030047,0x00001062,0x00000000,0x00030047,0x00001064,0x00000000,0x00030047,
    0x0000106a,0x00000000,0x00030047,0x0000106e,0x00000000,0x00030047,0x0000106f,0x00000000,
    0x00030047,0x00001072,0x00000000,0x00030047,0x00001074,0x00000000,0x00030047,0x00001075,
    0x00000000,0x00030047,0x00001076,0x00000000,0x00030047,0x00001079,0x00000000,0x00030047,
    0x0000107b,0x00000000,0x00030047,0x0000107c,0x00000000,0x00030047,0x00001084,0x00000000,
    0x00030047,0x00001096,0x00000000,0x00030047,0x000010b8,0x00000000,0x00030047,0x000010b9,
    0x00000000,0x00030047,0x000010bd,0x00000000,0x00030047,0x000010bf,0x00000000,0x00030047,
    0x000010c0,0x00000000,0x00030047,0x000010c9,0x00000000,0x00030047,0x000010d0,0x00000000,
    0x00030047,0x00001105,0x00000000,0x00030047,0x00001106,0x00000000,0x00030047,0x00001108,
    0x00000000,0x00030047,0x0000110e,0x00000000,0x00030047,0x00001112,0x00000000,0x00030047,
    0x00001113,0x00000000,0x00030047,0x00001116,0x00000000,0x00030047,0x00001118,0x00000000,
    0x00030047,0x00001119,0x00000000,0x00030047,0x0000111a,0x00000000,0x00030047,0x0000111d,
    0x00000000,0x00030047,0x0000111f,0x00000000,0x00030047,0x00001120,0x00000000,0x00030047,
    0x00001128,0x00000000,0x00030047,0x0000113a,0x00000000,0x00030047,0x0000115c,0x00000000,
    0x00030047,0x0000115d,0x00000000,0x00030047,0x00001161,0x00000000,0x00030047,0x00001163,
    0x00000000,0x00030047,0x00001164,0x00000000,0x00030047,0x0000116d,0x00000000,0x00030047,
    0x00001174,0x00000000,0x00030047,0x000011a9,0x00000000,0x00030047,0x000011aa,0x00000000,
    0x00030047,0x000011ac,0x00000000,0x00030047,0x000011b2,0x00000000,0x00030047,0x000011b6,
    0x00000000,0x00030047,0x000011b7,0x00000000,0x00030047,0x000011ba,0x00000000,0x00030047,
    0x000011bc,0x00000000,0x00030047,0x000011bd,0x00000000,0x00030047,0x000011be,0x00000000,
    0x00030047,0x000011c1,0x00000000,0x00030047,0x000011c3,0x00000000,0x00030047,0x000011c4,
    0x00000000,0x00030047,0x000011cc,0x00000000,0x00030047,0x000011de,0x00000000,0x00030047,
    0x00001200,0x00000000,0x00030047,0x00001201,0x00000000,0x00030047,0x00001205,0x00000000,
    0x00030047,0x00001207,0x00000000,0x00030047,0x00001208,0x00000000,0x00030047,0x00001211,
    0x00000000,0x00030047,0x00001218,0x00000000,0x00030047,0x0000123d,0x00000000,0x00030047,
    0x0000123e,0x00000000,0x00030047,0x00001250,0x00000000,0x00030047,0x00001251,0x00000000,
    0x00030047,0x00001254,0x00000000,0x00030047,0x00001256,0x00000000,0x00030047,0x0000125f,
    0x00000000,0x00030047,0x00001262,0x00000000,0x00030047,0x00001265,0x00000000,0x00030047,
    0x0000126b,0x00000000,0x00030047,0x0000127a,0x00000000,0x00030047,0x000012c1,0x00000000,
    0x00030047,0x000012c3,0x00000000,0x00030047,0x000012c5,0x00000000,0x00030047,0x000012f2,
    0x00000000,0x00030047,0x000012f4,0x00000000,0x00030047,0x000012f6,0x00000000,0x00030047,
    0x000013de,0x00000000,0x00030047,0x000013e0,0x00000000,0x00030047,0x000013e2,0x00000000,
    0x00030047,0x000013e5,0x00000000,0x00030047,0x000013e7,0x00000000,0x00030047,0x000013e9,
    0x00000000,0x00030047,0x000013f0,0x00000000,0x00030047,0x000013f2,0x00000000,0x00030047,
    0x000013f4,0x00000000,0x00030047,0x00001407,0x00000000,0x00030047,0x00001409,0x00000000,
    0x00030047,0x0000140b,0x00000000,0x00030047,0x00001438,0x00000000,0x00030047,0x0000143a,
    0x00000000,0x00030047,0x0000143c,0x00000000,0x00030047,0x00001525,0x00000000,0x00030047,
    0x00001527,0x00000000,0x00030047,0x00001529,0x00000000,0x00030047,0x0000152f,0x00000000,
    0x00030047,0x00001531,0x00000000,0x00030047,0x00001533,0x00000000,0x00030047,0x0000153b,
    0x00000000,0x00030047,0x0000153a,0x00000000,0x00030047,0x0000153c,0x00000000,0x00030047,
    0x0000153f,0x00000000,0x00030047,0x0000153e,0x00000000,0x00030047,0x00001541,0x00000000,
    0x00030047,0x00001e62,0x00000000,0x00030047,0x00001558,0x00000000,0x00030047,0x00001556,
    0x00000000,0x00030047,0x0000155d,0x00000000,0x00030047,0x00001723,0x00000000,0x00030047,
    0x000017b7,0x00000000,0x00030047,0x000017c4,0x00000000,0x00030047,0x000017e8,0x00000000,
    0x00030047,0x000017fa,0x00000000,0x00030047,0x0000181c,0x00000000,0x00030047,0x00001826,
    0x00000000,0x00030047,0x00001827,0x00000000,0x00030047,0x00001c8c,0x00000000,0x00030047,
    0x00001de1,0x00000000,0x00030047,0x00001def,0x00000000,0x00030047,0x00001dfc,0x00000000,
    0x00030047,0x00001dfe,0x00000000,0x00020013,0x00000002,0x00030021,0x00000003,0x00000002,
    0x00030016,0x00000006,0x00000020,0x00040020,0x00000007,0x00000007,0x00000006,0x00040017,
    0x0000000c,0x00000006,0x00000004,0x00040017,0x00000012,0x00000006,0x00000002,0x00040015,
    0x00000018,0x00000020,0x00000000,0x00040017,0x0000002a,0x00000006,0x00000003,0x00040018,
    0x00000039,0x00000012,0x00000002,0x00040020,0x00000046,0x00000007,0x0000002a,0x00040017,
    0x0000007c,0x00000018,0x00000002,0x00040015,0x00000094,0x00000020,0x00000001,0x0004002b,
    0x00000018,0x000000c1,0x00000000,0x0004002b,0x00000018,0x000000c4,0x00000001,0x0004002b,
    0x00000018,0x000000d7,0x00000002,0x0004002b,0x00000018,0x000000ee,0x00000003,0x0004002b,
    0x00000006,0x000000f7,0x3f800000,0x0004002b,0x00000006,0x000000f8,0x00000000,0x00020014,
    0x00000106,0x0004002b,0x00000006,0x00000143,0x3d897143,0x0004002b,0x00000006,0x00000147,
    0x3bbf4590,0x0004002b,0x00000006,0x0000014e,0x4253ee82,0x00030030,0x00000106,0x00000159,
    0x0004002b,0x00000006,0x00000170,0x3e99999a,0x0004002b,0x00000006,0x00000171,0x3f170a3d,
    0x0004002b,0x00000006,0x00000172,0x3de147ae,0x0004002b,0x00000006,0x0000018c,0x388205ff,
    0x0004002b,0x00000006,0x000001f2,0x40000000,0x0004002b,0x00000006,0x000001f9,0x3f000000,
    0x00040017,0x000001ff,0x00000106,0x00000003,0x0004002b,0x00000094,0x0000027c,0x00000000,
    0x0004002b,0x00000094,0x00000283,0x00000003,0x0004002b,0x00000006,0x00000295,0x3e800000,
    0x0004002b,0x00000006,0x0000029a,0x41800000,0x0004002b,0x00000006,0x0000029f,0x41400000,
    0x0004002b,0x00000006,0x000002a5,0x40400000,0x0004002b,0x00000094,0x000002b1,0x00000001,
    0x00030030,0x00000106,0x000002cc,0x0004002b,0x00000018,0x00000321,0x00000005,0x0004002b,
    0x00000018,0x00000329,0x0000000a,0x0004002b,0x00000018,0x0000032e,0x0000001c,0x0004002b,
    0x00000094,0x00000334,0x00000002,0x0004002b,0x00000006,0x00000360,0x3f7f8000,0x0004002b,
    0x00000006,0x00000363,0x3a800000,0x0004002b,0x00000006,0x00000366,0x3b000000,0x0004002b,
    0x00000006,0x00000376,0x3a000000,0x0004002b,0x00000006,0x00000378,0xc2000000,0x0004002b,
    0x00000094,0x00000383,0x00000010,0x0003001d,0x0000038f,0x0000007c,0x0003001e,0x00000390,
    0x0000038f,0x00040020,0x00000391,0x00000002,0x00000390,0x0004003b,0x00000391,0x00000392,
    0x00000002,0x00040020,0x00000394,0x00000002,0x0000007c,0x0004002b,0x00000018,0x0000039b,
    0x00000300,0x00030030,0x00000106,0x000003a2,0x0004002b,0x00000018,0x000003a7,0x00000200,
    0x0004002b,0x00000006,0x000003b1,0xbf800000,0x00030030,0x00000106,0x000003bb,0x0004002b,
    0x00000018,0x000003c1,0x00000010,0x0003001d,0x000003c7,0x00000018,0x0003001e,0x000003c8,
    0x000003c7,0x00040020,0x000003c9,0x00000002,0x000003c8,0x0004003b,0x000003c9,0x000003ca,
    0x00000002,0x00040020,0x000003cf,0x00000002,0x00000018,0x00030030,0x00000106,0x000003d6,
    0x0004002b,0x00000018,0x000003db,0x00000400,0x0003001d,0x000003e3,0x0000000c,0x0003001e,
    0x000003e4,0x000003e3,0x00040020,0x000003e5,0x00000002,0x000003e4,0x0004003b,0x000003e5,
    0x000003e6,0x00000002,0x0004002b,0x00000018,0x000003e8,0x00000008,0x00040020,0x000003ec,
    0x00000002,0x0000000c,0x00040020,0x000003f8,0x00000001,0x0000000c,0x0004003b,0x000003f8,
    0x000003f9,0x00000001,0x0004002b,0x00000018,0x00000419,0x0000000f,0x0004002b,0x00000094,
    0x0000041e,0x00000004,0x00030030,0x00000106,0x00000425,0x00040017,0x00000472,0x00000094,
    0x00000004,0x001a001e,0x00000473,0x00000006,0x00000006,0x00000006,0x00000006,0x00000018,
    0x00000018,0x00000018,0x00000018,0x00000472,0x00000012,0x00000012,0x00000018,0x00000006,
    0x00000018,0x00000006,0x00000006,0x00000018,0x00000006,0x00000006,0x00000006,0x00000018,
    0x00000018,0x00000006,0x00000006,0x00040020,0x00000474,0x00000002,0x00000473,0x0004003b,
    0x00000474,0x00000475,0x00000002,0x0004002b,0x00000094,0x00000476,0x00000016,0x00040020,
    0x00000477,0x00000002,0x00000006,0x0004002b,0x00000094,0x0000047b,0x00000017,0x00090019,
    0x0000047f,0x00000006,0x00000001,0x00000000,0x00000000,0x00000000,0x00000001,0x00000000,
    0x00040020,0x00000480,0x00000000,0x0000047f,0x0004003b,0x00000480,0x00000481,0x00000000,
    0x0002001a,0x00000483,0x00040020,0x00000484,0x00000000,0x00000483,0x0004003b,0x00000484,
    0x00000485,0x00000000,0x0003001b,0x00000487,0x0000047f,0x0004002b,0x00000006,0x0000049f,
    0x3f808081,0x0003001d,0x000004b3,0x00000018,0x0003001e,0x000004b4,0x000004b3,0x00040020,
    0x000004b5,0x00000002,0x000004b4,0x0004003b,0x000004b5,0x000004b6,0x00000002,0x00040017,
    0x00000501,0x00000094,0x00000002,0x0004002b,0x00000018,0x0000050d,0x0000001f,0x0004002b,
    0x00000018,0x0000050f,0xffffffe0,0x0004003b,0x00000480,0x00000516,0x00000000,0x0004003b,
    0x00000484,0x00000518,0x00000000,0x00040020,0x0000051b,0x00000001,0x00000012,0x0004003b,
    0x0000051b,0x0000051c,0x00000001,0x00040020,0x00000520,0x00000001,0x00000006,0x0004003b,
    0x00000520,0x00000521,0x00000001,0x0004003b,0x000003f8,0x00000528,0x00000001,0x0003001d,
    0x00000534,0x00000018,0x0003001e,0x00000535,0x00000534,0x00040020,0x00000536,0x00000002,
    0x00000535,0x0004003b,0x00000536,0x00000537,0x00000002,0x0004002b,0x00000018,0x0000053d,
    0x00000011,0x0004002b,0x00000018,0x00000546,0x0001ffff,0x00040020,0x0000055a,0x00000001,
    0x00000018,0x0004003b,0x0000055a,0x0000055b,0x00000001,0x0004003b,0x000003f8,0x00000575,
    0x00000001,0x0004003b,0x000003f8,0x00000593,0x00000001,0x0004003b,0x0000055a,0x00000599,
    0x00000001,0x0004002b,0x00000094,0x000005c6,0x00000011,0x0004002b,0x00000094,0x000005c7,
    0x00000012,0x0004002b,0x00000018,0x000005e9,0x00010000,0x0004003b,0x00000484,0x000005f5,
    0x00000000,0x0004003b,0x00000480,0x000005f6,0x00000000,0x0006002c,0x0000002a,0x00001e15,
    0x000001f9,0x000001f9,0x000001f9,0x0006002c,0x0000002a,0x00001e16,0x000000f7,0x000000f7,
    0x000000f7,0x0007002c,0x0000000c,0x00001e5b,0x000000f8,0x000000f8,0x000000f8,0x000000f8,
    0x0006002c,0x0000002a,0x00001e5c,0x000000f8,0x000000f8,0x000000f8,0x0006002c,0x0000002a,
    0x00001e5d,0x00000170,0x00000171,0x00000172,0x0005002c,0x00000012,0x00001e5e,0x0000018c,
    0x0000018c,0x00030001,0x0000000c,0x00001e5f,0x00040017,0x00001e60,0x00000106,0x00000004,
    0x00050036,0x00000002,0x00000004,0x00000000,0x00000003,0x000200f8,0x00000005,0x0004003b,
    0x00000046,0x00000d26,0x00000007,0x0004003b,0x00000046,0x00000d28,0x00000007,0x0004003b,
    0x00000046,0x00000d16,0x00000007,0x0004003b,0x00000046,0x000007c5,0x00000007,0x0004003b,
    0x00000046,0x000007c7,0x00000007,0x0004003b,0x00000046,0x000007b5,0x00000007,0x0004003d,
    0x0000000c,0x00000504,0x000003f9,0x0007004f,0x00000012,0x00000505,0x00000504,0x00000504,
    0x00000000,0x00000001,0x0006000c,0x00000012,0x00000506,0x00000001,0x00000008,0x00000505,
    0x0004006e,0x00000501,0x00000507,0x00000506,0x0004007c,0x0000007c,0x0000050a,0x00000507,
    0x00050041,0x000003cf,0x0000050b,0x00000475,0x0000041e,0x0004003d,0x00000018,0x0000050c,
    0x0000050b,0x00050080,0x00000018,0x0000050e,0x0000050c,0x0000050d,0x000500c7,0x00000018,
    0x00000510,0x0000050e,0x0000050f,0x00050051,0x00000018,0x00000600,0x0000050a,0x00000001,
    0x000500c2,0x00000018,0x00000601,0x00000600,0x00000321,0x000500c4,0x00000018,0x00000603,
    0x00000510,0x00000321,0x00050084,0x00000018,0x00000604,0x00000601,0x00000603,0x00050051,
    0x00000018,0x00000606,0x0000050a,0x00000000,0x000500c2,0x00000018,0x00000607,0x00000606,
    0x00000321,0x000500c4,0x00000018,0x00000608,0x00000607,0x00000329,0x00050080,0x00000018,
    0x00000609,0x00000604,0x00000608,0x000500c7,0x00000018,0x0000060c,0x00000606,0x0000032e,
    0x000500c4,0x00000018,0x0000060d,0x0000060c,0x00000321,0x000500c7,0x00000018,0x00000610,
    0x00000600,0x0000032e,0x000500c4,0x00000018,0x00000611,0x00000610,0x00000334,0x00050080,
    0x00000018,0x00000612,0x0000060d,0x00000611,0x00050080,0x00000018,0x00000614,0x00000609,
    0x00000612,0x000500c7,0x00000018,0x00000617,0x00000600,0x000000ee,0x000500c4,0x00000018,
    0x00000618,0x00000617,0x00000334,0x000500c7,0x00000018,0x0000061b,0x00000606,0x000000ee,
    0x00050080,0x00000018,0x0000061c,0x00000618,0x0000061b,0x00050080,0x00000018,0x0000061e,
    0x00000614,0x0000061c,0x0004007c,0x00000094,0x00000514,0x0000061e,0x0004003d,0x0000047f,
    0x00000517,0x00000516,0x0004003d,0x00000483,0x00000519,0x00000518,0x00050056,0x00000487,
    0x0000051a,0x00000517,0x00000519,0x0004003d,0x00000012,0x0000051d,0x0000051c,0x00050057,
    0x0000000c,0x0000051e,0x0000051a,0x0000051d,0x0004003d,0x00000006,0x00000522,0x00000521,
    0x0007000c,0x00000006,0x00000524,0x00000001,0x00000025,0x00000522,0x000000f7,0x000300f7,
    0x00000526,0x00000000,0x000400fa,0x000003d6,0x00000525,0x00000526,0x000200f8,0x00000525,
    0x0004003d,0x0000000c,0x0000052a,0x00000528,0x0007004f,0x00000012,0x0000062a,0x0000052a,
    0x0000052a,0x00000000,0x00000001,0x0007004f,0x00000012,0x0000062c,0x0000052a,0x0000052a,
    0x00000002,0x00000003,0x0007000c,0x00000012,0x0000062d,0x00000001,0x00000025,0x0000062a,
    0x0000062c,0x00050051,0x00000006,0x0000062f,0x0000062d,0x00000000,0x00050051,0x00000006,
    0x00000631,0x0000062d,0x00000001,0x0007000c,0x00000006,0x00000632,0x00000001,0x00000025,
    0x0000062f,0x00000631,0x0008000c,0x00000006,0x00000532,0x00000001,0x0000002b,0x00000632,
    0x000000f8,0x00000524,0x000200f9,0x00000526,0x000200f8,0x00000526,0x000700f5,0x00000006,
    0x000017e8,0x00000524,0x00000005,0x00000532,0x00000525,0x00060041,0x000003cf,0x00000539,
    0x00000537,0x0000027c,0x00000514,0x0004003d,0x00000018,0x0000053a,0x00000539,0x000500c2,
    0x00000018,0x0000053e,0x0000053a,0x0000053d,0x000500c7,0x00000018,0x00000547,0x0000053a,
    0x00000546,0x00040070,0x00000006,0x00000643,0x00000547,0x00050085,0x00000006,0x00000644,
    0x00000643,0x00000376,0x00050081,0x00000006,0x00000645,0x00000644,0x00000378,0x00060041,
    0x00000394,0x00000673,0x00000392,0x0000027c,0x0000053e,0x0004003d,0x0000007c,0x00000674,
    0x00000673,0x00050051,0x00000018,0x00000677,0x00000674,0x00000000,0x000500c7,0x00000018,
    0x00000678,0x00000677,0x0000039b,0x000500ab,0x00000106,0x00000679,0x00000678,0x000000c1,
    0x000300f7,0x0000068d,0x00000000,0x000400fa,0x00000679,0x0000067a,0x0000068d,0x000200f8,
    0x0000067a,0x0006000c,0x00000006,0x0000067c,0x00000001,0x00000004,0x00000645,0x000300f7,
    0x00000682,0x00000000,0x000400fa,0x000003a2,0x0000067d,0x00000682,0x000200f8,0x0000067d,
    0x000500c7,0x00000018,0x00000680,0x00000677,0x000003a7,0x000500ab,0x00000106,0x00000681,
    0x00000680,0x000000c1,0x000200f9,0x00000682,0x000200f8,0x00000682,0x000700f5,0x00000106,
    0x00000683,0x000003a2,0x0000067a,0x00000681,0x0000067d,0x000300f7,0x0000068c,0x00000000,
    0x000400fa,0x00000683,0x00000684,0x0000068c,0x000200f8,0x00000684,0x00050085,0x00000006,
    0x00000686,0x0000067c,0x000001f9,0x0006000c,0x00000006,0x00000687,0x00000001,0x0000000a,
    0x00000686,0x00050085,0x00000006,0x00000688,0x00000687,0x000001f2,0x00050081,0x00000006,
    0x00000689,0x00000688,0x000003b1,0x0006000c,0x00000006,0x0000068a,0x00000001,0x00000004,
    0x00000689,0x00050083,0x00000006,0x0000068b,0x000000f7,0x0000068a,0x000200f9,0x0000068c,
    0x000200f8,0x0000068c,0x000700f5,0x00000006,0x0000153b,0x0000067c,0x00000682,0x0000068b,
    0x00000684,0x000200f9,0x0000068d,0x000200f8,0x0000068d,0x000700f5,0x00000006,0x0000153a,
    0x00000645,0x00000526,0x0000153b,0x0000068c,0x0008000c,0x00000006,0x00000691,0x00000001,
    0x0000002b,0x0000153a,0x000000f8,0x000000f7,0x000300f7,0x000006a1,0x00000000,0x000400fa,
    0x000003bb,0x00000692,0x000006a1,0x000200f8,0x00000692,0x000500c2,0x00000018,0x00000695,
    0x00000677,0x000003c1,0x000500ab,0x00000106,0x00000697,0x00000695,0x000000c1,0x000300f7,
    0x000006a0,0x00000000,0x000400fa,0x00000697,0x00000698,0x000006a0,0x000200f8,0x00000698,
    0x00060041,0x000003cf,0x0000069b,0x000003ca,0x0000027c,0x00000514,0x0004003d,0x00000018,
    0x0000069c,0x0000069b,0x000500c2,0x00000018,0x0000076d,0x0000069c,0x00000383,0x000500aa,
    0x00000106,0x0000076e,0x00000695,0x0000076d,0x000300f7,0x00000776,0x00000000,0x000400fa,
    0x0000076e,0x0000076f,0x00000775,0x000200f8,0x0000076f,0x0006000c,0x00000012,0x00000772,
    0x00000001,0x0000003e,0x0000069c,0x00050051,0x00000006,0x00000773,0x00000772,0x00000000,
    0x0007000c,0x00000006,0x00000774,0x00000001,0x00000025,0x00000691,0x00000773,0x000200f9,
    0x00000776,0x000200f8,0x00000775,0x000200f9,0x00000776,0x000200f8,0x00000776,0x000700f5,
    0x00000006,0x0000153c,0x00000774,0x0000076f,0x000000f8,0x00000775,0x000200f9,0x000006a0,
    0x000200f8,0x000006a0,0x000700f5,0x00000006,0x0000153f,0x00000691,0x00000692,0x0000153c,
    0x00000776,0x000200f9,0x000006a1,0x000200f8,0x000006a1,0x000700f5,0x00000006,0x0000153e,
    0x00000691,0x0000068d,0x0000153f,0x000006a0,0x000300f7,0x000006a7,0x00000000,0x000400fa,
    0x000003d6,0x000006a2,0x000006a7,0x000200f8,0x000006a2,0x000500c7,0x00000018,0x000006a5,
    0x00000677,0x000003db,0x000500ab,0x00000106,0x000006a6,0x000006a5,0x000000c1,0x000200f9,
    0x000006a7,0x000200f8,0x000006a7,0x000700f5,0x00000106,0x000006a8,0x000003d6,0x000006a1,
    0x000006a6,0x000006a2,0x000300f7,0x000006cf,0x00000000,0x000400fa,0x000006a8,0x000006a9,
    0x000006cf,0x000200f8,0x000006a9,0x00050084,0x00000018,0x000006ab,0x0000053e,0x000003e8,
    0x00050080,0x00000018,0x000006ac,0x000006ab,0x000000d7,0x00060041,0x000003ec,0x000006ad,
    0x000003e6,0x0000027c,0x000006ac,0x0004003d,0x0000000c,0x000006ae,0x000006ad,0x00050051,
    0x00000006,0x0000077d,0x000006ae,0x00000000,0x00050051,0x00000006,0x0000077e,0x000006ae,
    0x00000001,0x00050051,0x00000006,0x0000077f,0x000006ae,0x00000002,0x00050051,0x00000006,
    0x00000780,0x000006ae,0x00000003,0x00050050,0x00000012,0x00000781,0x0000077d,0x0000077e,
    0x00050050,0x00000012,0x00000782,0x0000077f,0x00000780,0x00050050,0x00000039,0x00000783,
    0x00000781,0x00000782,0x00050080,0x00000018,0x000006b2,0x000006ab,0x000000ee,0x00060041,
    0x000003ec,0x000006b3,0x000003e6,0x0000027c,0x000006b2,0x0004003d,0x0000000c,0x000006b4,
    0x000006b3,0x00050091,0x00000012,0x000006b8,0x00000783,0x00000505,0x0007004f,0x00000012,
    0x000006ba,0x000006b4,0x000006b4,0x00000000,0x00000001,0x00050081,0x00000012,0x000006bb,
    0x000006b8,0x000006ba,0x0006000c,0x00000012,0x000006bd,0x00000001,0x00000004,0x000006bb,
    0x0007004f,0x00000012,0x000006bf,0x000006b4,0x000006b4,0x00000002,0x00000003,0x00050085,
    0x00000012,0x000006c0,0x000006bd,0x000006bf,0x00050083,0x00000012,0x000006c3,0x000006c0,
    0x000006bf,0x00050051,0x00000006,0x000006c6,0x000006c3,0x00000000,0x00050051,0x00000006,
    0x000006c8,0x000006c3,0x00000001,0x0007000c,0x00000006,0x000006c9,0x00000001,0x00000025,
    0x000006c6,0x000006c8,0x00050081,0x00000006,0x000006ca,0x000006c9,0x000001f9,0x0008000c,
    0x00000006,0x000006cb,0x00000001,0x0000002b,0x000006ca,0x000000f8,0x000000f7,0x0007000c,
    0x00000006,0x000006ce,0x00000001,0x00000025,0x0000153e,0x000006cb,0x000200f9,0x000006cf,
    0x000200f8,0x000006cf,0x000700f5,0x00000006,0x00001541,0x0000153e,0x000006a7,0x000006ce,
    0x000006a9,0x000500c7,0x00000018,0x000006d2,0x00000677,0x00000419,0x000500c2,0x00000018,
    0x000006d5,0x00000677,0x0000041e,0x000500c7,0x00000018,0x000006d6,0x000006d5,0x00000419,
    0x000500ab,0x00000106,0x000006d9,0x000006d6,0x000000c1,0x000500a7,0x00000106,0x000006da,
    0x00000425,0x000006d9,0x000500b2,0x00000106,0x000006dc,0x000006d2,0x000000c4,0x000300f7,
    0x0000073c,0x00000000,0x000400fa,0x000006dc,0x000006dd,0x000006ed,0x000200f8,0x000006dd,
    0x00050051,0x00000018,0x000006df,0x00000674,0x00000001,0x0006000c,0x0000000c,0x000006e0,
    0x00000001,0x00000040,0x000006df,0x000500aa,0x00000106,0x000006e2,0x000006d2,0x000000c1,
    0x000500a7,0x00000106,0x000006e3,0x000003bb,0x000006e2,0x000300f7,0x000006ec,0x00000000,
    0x000400fa,0x000006e3,0x000006e4,0x000006ec,0x000200f8,0x000006e4,0x00050050,0x00000012,
    0x00001e19,0x00001541,0x000000f8,0x0006000c,0x00000018,0x000006e9,0x00000001,0x0000003a,
    0x00001e19,0x000500c5,0x00000018,0x000006ea,0x000006df,0x000006e9,0x000200f9,0x000006ec,
    0x000200f8,0x000006ec,0x000700f5,0x00000018,0x000017c7,0x000000c1,0x000006dd,0x000006ea,
    0x000006e4,0x00070050,0x00001e60,0x00001e61,0x000006e3,0x000006e3,0x000006e3,0x000006e3,
    0x000600a9,0x0000000c,0x00001e62,0x00001e61,0x00001e5b,0x000006e0,0x000200f9,0x0000073c,
    0x000200f8,0x000006ed,0x00050084,0x00000018,0x000006ef,0x0000053e,0x000003e8,0x00060041,
    0x000003ec,0x000006f0,0x000003e6,0x0000027c,0x000006ef,0x0004003d,0x0000000c,0x000006f1,
    0x000006f0,0x00050051,0x00000006,0x000007a8,0x000006f1,0x00000000,0x00050051,0x00000006,
    0x000007a9,0x000006f1,0x00000001,0x00050051,0x00000006,0x000007aa,0x000006f1,0x00000002,
    0x00050051,0x00000006,0x000007ab,0x000006f1,0x00000003,0x00050050,0x00000012,0x000007ac,
    0x000007a8,0x000007a9,0x00050050,0x00000012,0x000007ad,0x000007aa,0x000007ab,0x00050050,
    0x00000039,0x000007ae,0x000007ac,0x000007ad,0x00050080,0x00000018,0x000006f5,0x000006ef,
    0x000000c4,0x00060041,0x000003ec,0x000006f6,0x000003e6,0x0000027c,0x000006f5,0x0004003d,
    0x0000000c,0x000006f7,0x000006f6,0x00050091,0x00000012,0x000006fb,0x000007ae,0x00000505,
    0x0007004f,0x00000012,0x000006fd,0x000006f7,0x000006f7,0x00000000,0x00000001,0x00050081,
    0x00000012,0x000006fe,0x000006fb,0x000006fd,0x000500aa,0x00000106,0x00000700,0x000006d2,
    0x000000d7,0x000300f7,0x00000707,0x00000000,0x000400fa,0x00000700,0x00000701,0x00000704,
    0x000200f8,0x00000701,0x00050051,0x00000006,0x00000703,0x000006fe,0x00000000,0x000200f9,
    0x00000707,0x000200f8,0x00000704,0x0006000c,0x00000006,0x00000706,0x00000001,0x00000042,
    0x000006fe,0x000200f9,0x00000707,0x000200f8,0x00000707,0x000700f5,0x00000006,0x00001540,
    0x00000703,0x00000701,0x00000706,0x00000704,0x0008000c,0x00000006,0x0000070a,0x00000001,
    0x0000002b,0x00001540,0x000000f8,0x000000f7,0x00050051,0x00000006,0x0000070d,0x000006f7,
    0x00000002,0x00050085,0x00000006,0x0000070e,0x0000070a,0x0000070d,0x00050051,0x00000006,
    0x00000710,0x000006f7,0x00000003,0x00050081,0x00000006,0x00000711,0x0000070e,0x00000710,
    0x00050051,0x00000018,0x00000713,0x00000674,0x00000001,0x0004007c,0x00000006,0x00000714,
    0x00000713,0x0006000c,0x00000006,0x00000716,0x00000001,0x00000008,0x00000714,0x00050041,
    0x00000477,0x00000717,0x00000475,0x00000476,0x0004003d,0x00000006,0x00000718,0x00000717,
    0x00050085,0x00000006,0x00000719,0x00000716,0x00000718,0x00050041,0x00000477,0x0000071a,
    0x00000475,0x0000047b,0x0004003d,0x00000006,0x0000071b,0x0000071a,0x00050081,0x00000006,
    0x0000071c,0x00000719,0x0000071b,0x0004003d,0x0000047f,0x0000071d,0x00000481,0x0004003d,
    0x00000483,0x0000071e,0x00000485,0x00050056,0x00000487,0x0000071f,0x0000071d,0x0000071e,
    0x00050050,0x00000012,0x00000722,0x00000711,0x0000071c,0x00070058,0x0000000c,0x00000723,
    0x0000071f,0x00000722,0x00000002,0x000000f8,0x000400a8,0x00000106,0x00000725,0x000006da,
    0x000300f7,0x0000073b,0x00000000,0x000400fa,0x00000725,0x00000726,0x0000073b,0x000200f8,
    0x00000726,0x00050051,0x00000006,0x00000728,0x00000723,0x00000003,0x0008004f,0x0000002a,
    0x0000072a,0x00000723,0x00000723,0x00000000,0x00000001,0x00000002,0x0005008e,0x0000002a,
    0x0000072b,0x0000072a,0x00000728,0x00050051,0x00000006,0x0000072d,0x0000072b,0x00000000,
    0x00050051,0x00000006,0x0000072f,0x0000072b,0x00000001,0x00050051,0x00000006,0x00000731,
    0x0000072b,0x00000002,0x0006000c,0x00000006,0x00000733,0x00000001,0x0000000a,0x00000714,
    0x00050085,0x00000006,0x00000734,0x00000733,0x0000049f,0x00050085,0x00000006,0x00000739,
    0x00000728,0x00000734,0x00070050,0x0000000c,0x00001e18,0x0000072d,0x0000072f,0x00000731,
    0x00000739,0x000200f9,0x0000073b,0x000200f8,0x0000073b,0x000700f5,0x0000000c,0x00001558,
    0x00000723,0x00000707,0x00001e18,0x00000726,0x000200f9,0x0000073c,0x000200f8,0x0000073c,
    0x000700f5,0x00000018,0x000017c6,0x000017c7,0x000006ec,0x000000c1,0x0000073b,0x000700f5,
    0x0000000c,0x00001556,0x00001e62,0x000006ec,0x00001558,0x0000073b,0x000300f7,0x00000760,
    0x00000000,0x000400fa,0x000006da,0x0000073e,0x00000760,0x000200f8,0x0000073e,0x00050051,
    0x00000006,0x00000740,0x00001556,0x00000003,0x00050085,0x00000006,0x00000742,0x00000740,
    0x00001541,0x000500b7,0x00000106,0x00000743,0x00000742,0x000000f8,0x000300f7,0x00000754,
    0x00000000,0x000400fa,0x00000743,0x00000744,0x00000754,0x000200f8,0x00000744,0x00060041,
    0x000003cf,0x00000746,0x000004b6,0x0000027c,0x00000514,0x0004003d,0x00000018,0x00000747,
    0x00000746,0x0006000c,0x0000000c,0x00000748,0x00000001,0x00000040,0x00000747,0x0008004f,
    0x0000002a,0x0000074a,0x00001556,0x00001556,0x00000000,0x00000001,0x00000002,0x0003003e,
    0x000007b5,0x0000074a,0x0008004f,0x0000002a,0x000008ef,0x00000748,0x00000748,0x00000000,
    0x00000001,0x00000002,0x00050051,0x00000006,0x000008f1,0x00000748,0x00000003,0x000500b7,
    0x00000106,0x000008f2,0x000008f1,0x000000f8,0x000300f7,0x000008f8,0x00000000,0x000400fa,
    0x000008f2,0x000008f3,0x000008f7,0x000200f8,0x000008f3,0x00050088,0x00000006,0x000008f6,
    0x000000f7,0x000008f1,0x000200f9,0x000008f8,0x000200f8,0x000008f7,0x000200f9,0x000008f8,
    0x000200f8,0x000008f8,0x000700f5,0x00000006,0x0000155d,0x000008f6,0x000008f3,0x000000f8,
    0x000008f7,0x0005008e,0x0000002a,0x000008fa,0x000008ef,0x0000155d,0x0003003e,0x000007c5,
    0x000008fa,0x000300f7,0x000008e9,0x00000000,0x002100fb,0x000006d6,0x000008e9,0x0000000b,
    0x000007f0,0x00000001,0x000007f4,0x00000002,0x000007fc,0x00000003,0x0000080d,0x00000004,
    0x00000811,0x00000005,0x00000815,0x00000006,0x00000838,0x00000007,0x00000865,0x00000008,
    0x00000876,0x00000009,0x000008b1,0x0000000a,0x000008b6,0x0000000c,0x000008bf,0x0000000d,
    0x000008ca,0x0000000e,0x000008d5,0x0000000f,0x000008df,0x000200f8,0x000007f0,0x0004003d,
    0x0000002a,0x000007f1,0x000007b5,0x00050085,0x0000002a,0x000007f3,0x000007f1,0x000008fa,
    0x0003003e,0x000007c7,0x000007f3,0x000200f9,0x000008e9,0x000200f8,0x000007f4,0x0004003d,
    0x0000002a,0x000007f5,0x000007b5,0x00050081,0x0000002a,0x000007f7,0x000007f5,0x000008fa,
    0x00050085,0x0000002a,0x000007fa,0x000007f5,0x000008fa,0x00050083,0x0000002a,0x000007fb,
    0x000007f7,0x000007fa,0x0003003e,0x000007c7,0x000007fb,0x000200f9,0x000008e9,0x000200f8,
    0x000007fc,0x0004003d,0x0000002a,0x000007fd,0x000007b5,0x00050085,0x0000002a,0x000007ff,
    0x000007fd,0x000008fa,0x00050081,0x0000002a,0x00000803,0x000007fd,0x000008fa,0x00050083,
    0x0000002a,0x00000805,0x00000803,0x000007ff,0x00050083,0x0000002a,0x00000807,0x00000805,
    0x00001e15,0x000500ba,0x000001ff,0x0000080a,0x000008fa,0x00001e15,0x000600a9,0x0000002a,
    0x0000080b,0x0000080a,0x00000807,0x000007ff,0x0005008e,0x0000002a,0x0000080c,0x0000080b,
    0x000001f2,0x0003003e,0x000007c7,0x0000080c,0x000200f9,0x000008e9,0x000200f8,0x0000080d,
    0x0004003d,0x0000002a,0x0000080e,0x000007b5,0x0007000c,0x0000002a,0x00000810,0x00000001,
    0x00000025,0x0000080e,0x000008fa,0x0003003e,0x000007c7,0x00000810,0x000200f9,0x000008e9,
    0x000200f8,0x00000811,0x0004003d,0x0000002a,0x00000812,0x000007b5,0x0007000c,0x0000002a,
    0x00000814,0x00000001,0x00000028,0x00000812,0x000008fa,0x0003003e,0x000007c7,0x00000814,
    0x000200f9,0x000008e9,0x000200f8,0x00000815,0x0008004f,0x0000002a,0x0000081a,0x00000748,
    0x00000748,0x00000003,0x00000003,0x00000003,0x0008000c,0x0000002a,0x0000081b,0x00000001,
    0x0000002b,0x000008ef,0x00001e5c,0x0000081a,0x00050051,0x00000006,0x0000081d,0x0000081b,
    0x00000000,0x00060052,0x0000000c,0x000012c1,0x0000081d,0x00001e5f,0x00000000,0x00050051,
    0x00000006,0x0000081f,0x0000081b,0x00000001,0x00060052,0x0000000c,0x000012c3,0x0000081f,
    0x000012c1,0x00000001,0x00050051,0x00000006,0x00000821,0x0000081b,0x00000002,0x00060052,
    0x0000000c,0x000012c5,0x00000821,0x000012c3,0x00000002,0x0004003d,0x0000002a,0x00000822,
    0x000007b5,0x00050083,0x0000002a,0x00000824,0x00001e16,0x00000822,0x0008000c,0x0000002a,
    0x00000827,0x00000001,0x0000002b,0x00000824,0x00001e5c,0x00001e16,0x0005008e,0x0000002a,
    0x0000082a,0x00000827,0x000008f1,0x0008004f,0x0000002a,0x0000082d,0x000012c5,0x000012c5,
    0x00000000,0x00000001,0x00000002,0x00050088,0x0000002a,0x0000082f,0x0000082d,0x0000082a,
    0x0007000c,0x0000002a,0x00000830,0x00000001,0x00000025,0x00001e16,0x0000082f,0x0006000c,
    0x0000002a,0x00000833,0x00000001,0x00000006,0x0000082d,0x000500b4,0x000001ff,0x00000836,
    0x0000082a,0x00001e5c,0x000600a9,0x0000002a,0x00000837,0x00000836,0x00000833,0x00000830,
    0x0003003e,0x000007c7,0x00000837,0x000200f9,0x000008e9,0x000200f8,0x00000838,0x0004003d,
    0x0000002a,0x00000839,0x000007b5,0x0008000c,0x0000002a,0x0000083c,0x00000001,0x0000002b,
    0x00000839,0x00001e5c,0x00001e16,0x0003003e,0x000007b5,0x0000083c,0x0008004f,0x0000002a,
    0x00000841,0x00000748,0x00000748,0x00000003,0x00000003,0x00000003,0x0008000c,0x0000002a,
    0x00000842,0x00000001,0x0000002b,0x000008ef,0x00001e5c,0x00000841,0x00050051,0x00000006,
    0x00000844,0x00000842,0x00000000,0x00060052,0x0000000c,0x000012f2,0x00000844,0x00000748,
    0x00000000,0x00050051,0x00000006,0x00000846,0x00000842,0x00000001,0x00060052,0x0000000c,
    0x000012f4,0x00000846,0x000012f2,0x00000001,0x00050051,0x00000006,0x00000848,0x00000842,
    0x00000002,0x00060052,0x0000000c,0x000012f6,0x00000848,0x000012f4,0x00000002,0x000500b4,
    0x00000106,0x0000084b,0x000008f1,0x000000f8,0x000300f7,0x0000084e,0x00000000,0x000400fa,
    0x0000084b,0x0000084c,0x0000084e,0x000200f8,0x0000084c,0x00070050,0x0000000c,0x00001e36,
    0x00000844,0x00000846,0x00000848,0x000000f7,0x000200f9,0x0000084e,0x000200f8,0x0000084e,
    0x000700f5,0x0000000c,0x00001723,0x000012f6,0x00000838,0x00001e36,0x0000084c,0x00050051,
    0x00000006,0x00000850,0x00001723,0x00000003,0x0008004f,0x0000002a,0x00000852,0x00001723,
    0x00001723,0x00000000,0x00000001,0x00000002,0x00060050,0x0000002a,0x00000853,0x00000850,
    0x00000850,0x00000850,0x00050083,0x0000002a,0x00000854,0x00000853,0x00000852,0x0004003d,
    0x0000002a,0x00000857,0x000007b5,0x0005008e,0x0000002a,0x0000085a,0x00000857,0x00000850,
    0x00050088,0x0000002a,0x0000085b,0x00000854,0x0000085a,0x0007000c,0x0000002a,0x0000085c,
    0x00000001,0x00000025,0x00001e16,0x0000085b,0x0006000c,0x0000002a,0x0000085e,0x00000001,
    0x00000006,0x00000854,0x000500b4,0x000001ff,0x00000861,0x00000857,0x00001e5c,0x000600a9,
    0x0000002a,0x00000862,0x00000861,0x0000085e,0x0000085c,0x00050083,0x0000002a,0x00000864,
    0x00001e16,0x00000862,0x0003003e,0x000007c7,0x00000864,0x000200f9,0x000008e9,0x000200f8,
    0x00000865,0x0004003d,0x0000002a,0x00000866,0x000007b5,0x00050085,0x0000002a,0x00000868,
    0x00000866,0x000008fa,0x00050081,0x0000002a,0x0000086c,0x00000866,0x000008fa,0x00050083,
    0x0000002a,0x0000086e,0x0000086c,0x00000868,0x00050083,0x0000002a,0x00000870,0x0000086e,
    0x00001e15,0x000500ba,0x000001ff,0x00000873,0x00000866,0x00001e15,0x000600a9,0x0000002a,
    0x00000874,0x00000873,0x00000870,0x00000868,0x0005008e,0x0000002a,0x00000875,0x00000874,
    0x000001f2,0x0003003e,0x000007c7,0x00000875,0x000200f9,0x000008e9,0x000200f8,0x00000876,
    0x000200f9,0x00000877,0x000200f8,0x00000877,0x000700f5,0x00000094,0x000016e7,0x0000027c,
    0x00000876,0x000008a5,0x000008a3,0x000500b1,0x00000106,0x0000087a,0x000016e7,0x00000283,
    0x000400f6,0x000008a6,0x000008a3,0x00000000,0x000400fa,0x0000087a,0x0000087b,0x000008a6,
    0x000200f8,0x0000087b,0x00050041,0x00000007,0x0000087d,0x000007b5,0x000016e7,0x0004003d,
    0x00000006,0x0000087e,0x0000087d,0x000500bc,0x00000106,0x0000087f,0x0000087e,0x000001f9,
    0x000300f7,0x000008a2,0x00000000,0x000400fa,0x0000087f,0x00000880,0x00000887,0x000200f8,
    0x00000880,0x00050041,0x00000007,0x00000883,0x000007c5,0x000016e7,0x0004003d,0x00000006,
    0x00000884,0x00000883,0x00050083,0x00000006,0x00000885,0x000000f7,0x00000884,0x00050041,
    0x00000007,0x00000886,0x000007c7,0x000016e7,0x0003003e,0x00000886,0x00000885,0x000200f9,
    0x000008a2,0x000200f8,0x00000887,0x00050041,0x00000007,0x00000889,0x000007c5,0x000016e7,
    0x0004003d,0x00000006,0x0000088a,0x00000889,0x000500bc,0x00000106,0x0000088b,0x0000088a,
    0x00000295,0x000300f7,0x000008a1,0x00000000,0x000400fa,0x0000088b,0x0000088c,0x00000899,
    0x000200f8,0x0000088c,0x0004003d,0x00000006,0x00000890,0x00000889,0x00050085,0x00000006,
    0x00000891,0x0000029a,0x00000890,0x00050083,0x00000006,0x00000892,0x00000891,0x0000029f,
    0x0004003d,0x00000006,0x00000895,0x00000889,0x00050085,0x00000006,0x00000896,0x00000892,
    0x00000895,0x00050081,0x00000006,0x00000897,0x00000896,0x000002a5,0x00050041,0x00000007,
    0x00000898,0x000007c7,0x000016e7,0x0003003e,0x00000898,0x00000897,0x000200f9,0x000008a1,
    0x000200f8,0x00000899,0x0004003d,0x00000006,0x0000089d,0x00000889,0x0006000c,0x00000006,
    0x0000089e,0x00000001,0x00000020,0x0000089d,0x00050083,0x00000006,0x0000089f,0x0000089e,
    0x000000f7,0x00050041,0x00000007,0x000008a0,0x000007c7,0x000016e7,0x0003003e,0x000008a0,
    0x0000089f,0x000200f9,0x000008a1,0x000200f8,0x000008a1,0x000200f9,0x000008a2,0x000200f8,
    0x000008a2,0x000200f9,0x000008a3,0x000200f8,0x000008a3,0x00050080,0x00000094,0x000008a5,
    0x000016e7,0x000002b1,0x000200f9,0x00000877,0x000200f8,0x000008a6,0x0004003d,0x0000002a,
    0x000008a9,0x000007b5,0x0005008e,0x0000002a,0x000008aa,0x000008a9,0x000001f2,0x00050083,
    0x0000002a,0x000008ac,0x000008aa,0x00001e16,0x00050085,0x0000002a,0x000008ad,0x000008fa,
    0x000008ac,0x0004003d,0x0000002a,0x000008ae,0x000007c7,0x00050085,0x0000002a,0x000008af,
    0x000008ad,0x000008ae,0x00050081,0x0000002a,0x000008b0,0x000008fa,0x000008af,0x0003003e,
    0x000007c7,0x000008b0,0x000200f9,0x000008e9,0x000200f8,0x000008b1,0x0004003d,0x0000002a,
    0x000008b3,0x000007b5,0x00050083,0x0000002a,0x000008b4,0x000008fa,0x000008b3,0x0006000c,
    0x0000002a,0x000008b5,0x00000001,0x00000004,0x000008b4,0x0003003e,0x000007c7,0x000008b5,
    0x000200f9,0x000008e9,0x000200f8,0x000008b6,0x0004003d,0x0000002a,0x000008b7,0x000007b5,
    0x00050081,0x0000002a,0x000008b9,0x000008b7,0x000008fa,0x0005008e,0x0000002a,0x000008bb,
    0x000008b7,0x000001f2,0x00050085,0x0000002a,0x000008bd,0x000008bb,0x000008fa,0x00050083,
    0x0000002a,0x000008be,0x000008b9,0x000008bd,0x0003003e,0x000007c7,0x000008be,0x000200f9,
    0x000008e9,0x000200f8,0x000008bf,0x000300f7,0x000008c9,0x00000000,0x000400fa,0x000002cc,
    0x000008c0,0x000008c9,0x000200f8,0x000008c0,0x0004003d,0x0000002a,0x000008c1,0x000007b5,
    0x0008000c,0x0000002a,0x000008c4,0x00000001,0x0000002b,0x000008c1,0x00001e5c,0x00001e16,
    0x0003003e,0x000007b5,0x000008c4,0x00050051,0x00000006,0x000009b3,0x000008fa,0x00000000,
    0x00050051,0x00000006,0x000009b5,0x000008fa,0x00000001,0x0007000c,0x00000006,0x000009b6,
    0x00000001,0x00000028,0x000009b3,0x000009b5,0x00050051,0x00000006,0x000009ae,0x000008fa,
    0x00000002,0x0007000c,0x00000006,0x000009af,0x00000001,0x00000028,0x000009b6,0x000009ae,
    0x0007000c,0x00000006,0x000009c6,0x00000001,0x00000025,0x000009b3,0x000009b5,0x0007000c,
    0x00000006,0x000009bf,0x00000001,0x00000025,0x000009c6,0x000009ae,0x00050083,0x00000006,
    0x00000996,0x000009af,0x000009bf,0x00050051,0x00000006,0x000009d3,0x000008c4,0x00000000,
    0x00050051,0x00000006,0x000009d5,0x000008c4,0x00000001,0x0007000c,0x00000006,0x000009d6,
    0x00000001,0x00000025,0x000009d3,0x000009d5,0x00050051,0x00000006,0x000009ce,0x000008c4,
    0x00000002,0x0007000c,0x00000006,0x000009cf,0x00000001,0x00000025,0x000009d6,0x000009ce,
    0x00060050,0x0000002a,0x0000099a,0x000009cf,0x000009cf,0x000009cf,0x00050083,0x0000002a,
    0x0000099b,0x000008c4,0x0000099a,0x00050051,0x00000006,0x000009e3,0x0000099b,0x00000000,
    0x00050051,0x00000006,0x000009e5,0x0000099b,0x00000001,0x0007000c,0x00000006,0x000009e6,
    0x00000001,0x00000028,0x000009e3,0x000009e5,0x00050051,0x00000006,0x000009de,0x0000099b,
    0x00000002,0x0007000c,0x00000006,0x000009df,0x00000001,0x00000028,0x000009e6,0x000009de,
    0x0007000c,0x00000006,0x000009a0,0x00000001,0x00000028,0x0000018c,0x000009df,0x00050088,
    0x00000006,0x000009a1,0x00000996,0x000009a0,0x0005008e,0x0000002a,0x000009a4,0x0000099b,
    0x000009a1,0x00050094,0x00000006,0x00000a1f,0x000008fa,0x00001e5d,0x00050094,0x00000006,
    0x00000a31,0x000009a4,0x00001e5d,0x00060050,0x0000002a,0x000009fc,0x00000a31,0x00000a31,
    0x00000a31,0x00050083,0x0000002a,0x000009fd,0x000009a4,0x000009fc,0x00050083,0x00000006,
    0x000009ff,0x000000f7,0x00000a1f,0x00050050,0x00000012,0x00001e30,0x00000a1f,0x000009ff,
    0x00050051,0x00000006,0x00000a58,0x000009fd,0x00000000,0x00050051,0x00000006,0x00000a5a,
    0x000009fd,0x00000001,0x0007000c,0x00000006,0x00000a5b,0x00000001,0x00000025,0x00000a58,
    0x00000a5a,0x00050051,0x00000006,0x00000a53,0x000009fd,0x00000002,0x0007000c,0x00000006,
    0x00000a54,0x00000001,0x00000025,0x00000a5b,0x00000a53,0x0004007f,0x00000006,0x00000a05,
    0x00000a54,0x0007000c,0x00000006,0x00000a6b,0x00000001,0x00000028,0x00000a58,0x00000a5a,
    0x0007000c,0x00000006,0x00000a64,0x00000001,0x00000028,0x00000a6b,0x00000a53,0x00050050,
    0x00000012,0x00001e32,0x00000a05,0x00000a64,0x0007000c,0x00000012,0x00000a09,0x00000001,
    0x00000028,0x00001e5e,0x00001e32,0x00050088,0x00000012,0x00000a0a,0x00001e30,0x00000a09,
    0x00050051,0x00000006,0x00000a0d,0x00000a0a,0x00000000,0x00050051,0x00000006,0x00000a0f,
    0x00000a0a,0x00000001,0x0007000c,0x00000006,0x00000a10,0x00000001,0x00000025,0x00000a0d,
    0x00000a0f,0x0007000c,0x00000006,0x00000a11,0x00000001,0x00000025,0x000000f7,0x00000a10,
    0x0005008e,0x0000002a,0x00000a14,0x000009fd,0x00000a11,0x00060050,0x0000002a,0x00000a16,
    0x00000a1f,0x00000a1f,0x00000a1f,0x00050081,0x0000002a,0x00000a17,0x00000a14,0x00000a16,
    0x0003003e,0x000007c7,0x00000a17,0x000200f9,0x000008c9,0x000200f8,0x000008c9,0x000200f9,
    0x000008e9,0x000200f8,0x000008ca,0x000300f7,0x000008d4,0x00000000,0x000400fa,0x000002cc,
    0x000008cb,0x000008d4,0x000200f8,0x000008cb,0x0004003d,0x0000002a,0x000008cc,0x000007b5,
    0x0008000c,0x0000002a,0x000008cf,0x00000001,0x0000002b,0x000008cc,0x00001e5c,0x00001e16,
    0x0003003e,0x000007b5,0x000008cf,0x00050051,0x00000006,0x00000ab7,0x000008cf,0x00000000,
    0x00050051,0x00000006,0x00000ab9,0x000008cf,0x00000001,0x0007000c,0x00000006,0x00000aba,
    0x00000001,0x00000028,0x00000ab7,0x00000ab9,0x00050051,0x00000006,0x00000ab2,0x000008cf,
    0x00000002,0x0007000c,0x00000006,0x00000ab3,0x00000001,0x00000028,0x00000aba,0x00000ab2,
    0x0007000c,0x00000006,0x00000aca,0x00000001,0x00000025,0x00000ab7,0x00000ab9,0x0007000c,
    0x00000006,0x00000ac3,0x00000001,0x00000025,0x00000aca,0x00000ab2,0x00050083,0x00000006,
    0x00000a9a,0x00000ab3,0x00000ac3,0x00050051,0x00000006,0x00000ad7,0x000008fa,0x00000000,
    0x00050051,0x00000006,0x00000ad9,0x000008fa,0x00000001,0x0007000c,0x00000006,0x00000ada,
    0x00000001,0x00000025,0x00000ad7,0x00000ad9,0x00050051,0x00000006,0x00000ad2,0x000008fa,
    0x00000002,0x0007000c,0x00000006,0x00000ad3,0x00000001,0x00000025,0x00000ada,0x00000ad2,
    0x00060050,0x0000002a,0x00000a9e,0x00000ad3,0x00000ad3,0x00000ad3,0x00050083,0x0000002a,
    0x00000a9f,0x000008fa,0x00000a9e,0x00050051,0x00000006,0x00000ae7,0x00000a9f,0x00000000,
    0x00050051,0x00000006,0x00000ae9,0x00000a9f,0x00000001,0x0007000c,0x00000006,0x00000aea,
    0x00000001,0x00000028,0x00000ae7,0x00000ae9,0x00050051,0x00000006,0x00000ae2,0x00000a9f,
    0x00000002,0x0007000c,0x00000006,0x00000ae3,0x00000001,0x00000028,0x00000aea,0x00000ae2,
    0x0007000c,0x00000006,0x00000aa4,0x00000001,0x00000028,0x0000018c,0x00000ae3,0x00050088,
    0x00000006,0x00000aa5,0x00000a9a,0x00000aa4,0x0005008e,0x0000002a,0x00000aa8,0x00000a9f,
    0x00000aa5,0x00050094,0x00000006,0x00000b23,0x000008fa,0x00001e5d,0x00050094,0x00000006,
    0x00000b35,0x00000aa8,0x00001e5d,0x00060050,0x0000002a,0x00000b00,0x00000b35,0x00000b35,
    0x00000b35,0x00050083,0x0000002a,0x00000b01,0x00000aa8,0x00000b00,0x00050083,0x00000006,
    0x00000b03,0x000000f7,0x00000b23,0x00050050,0x00000012,0x00001e2a,0x00000b23,0x00000b03,
    0x00050051,0x00000006,0x00000b5c,0x00000b01,0x00000000,0x00050051,0x00000006,0x00000b5e,
    0x00000b01,0x00000001,0x0007000c,0x00000006,0x00000b5f,0x00000001,0x00000025,0x00000b5c,
    0x00000b5e,0x00050051,0x00000006,0x00000b57,0x00000b01,0x00000002,0x0007000c,0x00000006,
    0x00000b58,0x00000001,0x00000025,0x00000b5f,0x00000b57,0x0004007f,0x00000006,0x00000b09,
    0x00000b58,0x0007000c,0x00000006,0x00000b6f,0x00000001,0x00000028,0x00000b5c,0x00000b5e,
    0x0007000c,0x00000006,0x00000b68,0x00000001,0x00000028,0x00000b6f,0x00000b57,0x00050050,
    0x00000012,0x00001e2c,0x00000b09,0x00000b68,0x0007000c,0x00000012,0x00000b0d,0x00000001,
    0x00000028,0x00001e5e,0x00001e2c,0x00050088,0x00000012,0x00000b0e,0x00001e2a,0x00000b0d,
    0x00050051,0x00000006,0x00000b11,0x00000b0e,0x00000000,0x00050051,0x00000006,0x00000b13,
    0x00000b0e,0x00000001,0x0007000c,0x00000006,0x00000b14,0x00000001,0x00000025,0x00000b11,
    0x00000b13,0x0007000c,0x00000006,0x00000b15,0x00000001,0x00000025,0x000000f7,0x00000b14,
    0x0005008e,0x0000002a,0x00000b18,0x00000b01,0x00000b15,0x00060050,0x0000002a,0x00000b1a,
    0x00000b23,0x00000b23,0x00000b23,0x00050081,0x0000002a,0x00000b1b,0x00000b18,0x00000b1a,
    0x0003003e,0x000007c7,0x00000b1b,0x000200f9,0x000008d4,0x000200f8,0x000008d4,0x000200f9,
    0x000008e9,0x000200f8,0x000008d5,0x000300f7,0x000008de,0x00000000,0x000400fa,0x000002cc,
    0x000008d6,0x000008de,0x000200f8,0x000008d6,0x0004003d,0x0000002a,0x000008d7,0x000007b5,
    0x0008000c,0x0000002a,0x000008da,0x00000001,0x0000002b,0x000008d7,0x00001e5c,0x00001e16,
    0x0003003e,0x000007b5,0x000008da,0x00050094,0x00000006,0x00000bc7,0x000008fa,0x00001e5d,
    0x00050094,0x00000006,0x00000bd9,0x000008da,0x00001e5d,0x00060050,0x0000002a,0x00000ba4,
    0x00000bd9,0x00000bd9,0x00000bd9,0x00050083,0x0000002a,0x00000ba5,0x000008da,0x00000ba4,
    0x00050083,0x00000006,0x00000ba7,0x000000f7,0x00000bc7,0x00050050,0x00000012,0x00001e24,
    0x00000bc7,0x00000ba7,0x00050051,0x00000006,0x00000c00,0x00000ba5,0x00000000,0x00050051,
    0x00000006,0x00000c02,0x00000ba5,0x00000001,0x0007000c,0x00000006,0x00000c03,0x00000001,
    0x00000025,0x00000c00,0x00000c02,0x00050051,0x00000006,0x00000bfb,0x00000ba5,0x00000002,
    0x0007000c,0x00000006,0x00000bfc,0x00000001,0x00000025,0x00000c03,0x00000bfb,0x0004007f,
    0x00000006,0x00000bad,0x00000bfc,0x0007000c,0x00000006,0x00000c13,0x00000001,0x00000028,
    0x00000c00,0x00000c02,0x0007000c,0x00000006,0x00000c0c,0x00000001,0x00000028,0x00000c13,
    0x00000bfb,0x00050050,0x00000012,0x00001e26,0x00000bad,0x00000c0c,0x0007000c,0x00000012,
    0x00000bb1,0x00000001,0x00000028,0x00001e5e,0x00001e26,0x00050088,0x00000012,0x00000bb2,
    0x00001e24,0x00000bb1,0x00050051,0x00000006,0x00000bb5,0x00000bb2,0x00000000,0x00050051,
    0x00000006,0x00000bb7,0x00000bb2,0x00000001,0x0007000c,0x00000006,0x00000bb8,0x00000001,
    0x00000025,0x00000bb5,0x00000bb7,0x0007000c,0x00000006,0x00000bb9,0x00000001,0x00000025,
    0x000000f7,0x00000bb8,0x0005008e,0x0000002a,0x00000bbc,0x00000ba5,0x00000bb9,0x00060050,
    0x0000002a,0x00000bbe,0x00000bc7,0x00000bc7,0x00000bc7,0x00050081,0x0000002a,0x00000bbf,
    0x00000bbc,0x00000bbe,0x0003003e,0x000007c7,0x00000bbf,0x000200f9,0x000008de,0x000200f8,
    0x000008de,0x000200f9,0x000008e9,0x000200f8,0x000008df,0x000300f7,0x000008e8,0x00000000,
    0x000400fa,0x000002cc,0x000008e0,0x000008e8,0x000200f8,0x000008e0,0x0004003d,0x0000002a,
    0x000008e1,0x000007b5,0x0008000c,0x0000002a,0x000008e4,0x00000001,0x0000002b,0x000008e1,
    0x00001e5c,0x00001e16,0x0003003e,0x000007b5,0x000008e4,0x00050094,0x00000006,0x00000c6b,
    0x000008e4,0x00001e5d,0x00050094,0x00000006,0x00000c7d,0x000008fa,0x00001e5d,0x00060050,
    0x0000002a,0x00000c48,0x00000c7d,0x00000c7d,0x00000c7d,0x00050083,0x0000002a,0x00000c49,
    0x000008fa,0x00000c48,0x00050083,0x00000006,0x00000c4b,0x000000f7,0x00000c6b,0x00050050,
    0x00000012,0x00001e1e,0x00000c6b,0x00000c4b,0x00050051,0x00000006,0x00000ca4,0x00000c49,
    0x00000000,0x00050051,0x00000006,0x00000ca6,0x00000c49,0x00000001,0x0007000c,0x00000006,
    0x00000ca7,0x00000001,0x00000025,0x00000ca4,0x00000ca6,0x00050051,0x00000006,0x00000c9f,
    0x00000c49,0x00000002,0x0007000c,0x00000006,0x00000ca0,0x00000001,0x00000025,0x00000ca7,
    0x00000c9f,0x0004007f,0x00000006,0x00000c51,0x00000ca0,0x0007000c,0x00000006,0x00000cb7,
    0x00000001,0x00000028,0x00000ca4,0x00000ca6,0x0007000c,0x00000006,0x00000cb0,0x00000001,
    0x00000028,0x00000cb7,0x00000c9f,0x00050050,0x00000012,0x00001e20,0x00000c51,0x00000cb0,
    0x0007000c,0x00000012,0x00000c55,0x00000001,0x00000028,0x00001e5e,0x00001e20,0x00050088,
    0x00000012,0x00000c56,0x00001e1e,0x00000c55,0x00050051,0x00000006,0x00000c59,0x00000c56,
    0x00000000,0x00050051,0x00000006,0x00000c5b,0x00000c56,0x00000001,0x0007000c,0x00000006,
    0x00000c5c,0x00000001,0x00000025,0x00000c59,0x00000c5b,0x0007000c,0x00000006,0x00000c5d,
    0x00000001,0x00000025,0x000000f7,0x00000c5c,0x0005008e,0x0000002a,0x00000c60,0x00000c49,
    0x00000c5d,0x00060050,0x0000002a,0x00000c62,0x00000c6b,0x00000c6b,0x00000c6b,0x00050081,
    0x0000002a,0x00000c63,0x00000c60,0x00000c62,0x0003003e,0x000007c7,0x00000c63,0x000200f9,
    0x000008e8,0x000200f8,0x000008e8,0x000200f9,0x000008e9,0x000200f8,0x000008e9,0x0004003d,
    0x0000002a,0x000008ea,0x000007c7,0x00060050,0x0000002a,0x00001e3a,0x000008f1,0x000008f1,
    0x000008f1,0x0008000c,0x0000002a,0x000007c4,0x00000001,0x0000002e,0x0000074a,0x000008ea,
    0x00001e3a,0x00050051,0x00000006,0x0000074f,0x000007c4,0x00000000,0x00060052,0x0000000c,
    0x000013de,0x0000074f,0x00001556,0x00000000,0x00050051,0x00000006,0x00000751,0x000007c4,
    0x00000001,0x00060052,0x0000000c,0x000013e0,0x00000751,0x000013de,0x00000001,0x00050051,
    0x00000006,0x00000753,0x000007c4,0x00000002,0x00060052,0x0000000c,0x000013e2,0x00000753,
    0x000013e0,0x00000002,0x000200f9,0x00000754,0x000200f8,0x00000754,0x000700f5,0x0000000c,
    0x000017b7,0x00001556,0x0000073e,0x000013e2,0x000008e9,0x00050051,0x00000006,0x00000756,
    0x000017b7,0x00000003,0x0008004f,0x0000002a,0x00000758,0x000017b7,0x000017b7,0x00000000,
    0x00000001,0x00000002,0x0005008e,0x0000002a,0x00000759,0x00000758,0x00000756,0x00050051,
    0x00000006,0x0000075b,0x00000759,0x00000000,0x00060052,0x0000000c,0x000013e5,0x0000075b,
    0x000017b7,0x00000000,0x00050051,0x00000006,0x0000075d,0x00000759,0x00000001,0x00060052,
    0x0000000c,0x000013e7,0x0000075d,0x000013e5,0x00000001,0x00050051,0x00000006,0x0000075f,
    0x00000759,0x00000002,0x00060052,0x0000000c,0x000013e9,0x0000075f,0x000013e7,0x00000002,
    0x000200f9,0x00000760,0x000200f8,0x00000760,0x000700f5,0x0000000c,0x000017c4,0x00001556,
    0x0000073c,0x000013e9,0x00000754,0x0005008e,0x0000000c,0x00000763,0x000017c4,0x00001541,
    0x000300f7,0x00000559,0x00000000,0x000400fa,0x000003bb,0x00000558,0x00000559,0x000200f8,
    0x00000558,0x0004003d,0x00000018,0x0000055c,0x0000055b,0x000500ab,0x00000106,0x0000055d,
    0x0000055c,0x000000c1,0x000200f9,0x00000559,0x000200f8,0x00000559,0x000700f5,0x00000106,
    0x0000055e,0x000003bb,0x00000760,0x0000055d,0x00000558,0x000300f7,0x00000560,0x00000000,
    0x000400fa,0x0000055e,0x0000055f,0x00000560,0x000200f8,0x0000055f,0x000500ab,0x00000106,
    0x00000563,0x000017c6,0x000000c1,0x000300f7,0x00000566,0x00000000,0x000400fa,0x00000563,
    0x00000565,0x00000568,0x000200f8,0x00000565,0x000200f9,0x00000566,0x000200f8,0x00000568,
    0x00060041,0x000003cf,0x0000056a,0x000003ca,0x0000027c,0x00000514,0x0004003d,0x00000018,
    0x0000056b,0x0000056a,0x000200f9,0x00000566,0x000200f8,0x00000566,0x000700f5,0x00000018,
    0x000017de,0x000017c6,0x00000565,0x0000056b,0x00000568,0x0004003d,0x00000018,0x0000056e,
    0x0000055b,0x000500c2,0x00000018,0x00000cd0,0x000017de,0x00000383,0x000500aa,0x00000106,
    0x00000cd1,0x0000056e,0x00000cd0,0x000300f7,0x00000cd9,0x00000000,0x000400fa,0x00000cd1,
    0x00000cd2,0x00000cd8,0x000200f8,0x00000cd2,0x0006000c,0x00000012,0x00000cd5,0x00000001,
    0x0000003e,0x000017de,0x00050051,0x00000006,0x00000cd6,0x00000cd5,0x00000000,0x0007000c,
    0x00000006,0x00000cd7,0x00000001,0x00000025,0x000017e8,0x00000cd6,0x000200f9,0x00000cd9,
    0x000200f8,0x00000cd8,0x000200f9,0x00000cd9,0x000200f8,0x00000cd9,0x000700f5,0x00000006,
    0x000017fa,0x00000cd7,0x00000cd2,0x000000f8,0x00000cd8,0x000200f9,0x00000560,0x000200f8,
    0x00000560,0x000700f5,0x00000006,0x00001de1,0x000017e8,0x00000559,0x000017fa,0x00000cd9,
    0x00050041,0x00000520,0x00000576,0x00000575,0x000000ee,0x0004003d,0x00000006,0x00000577,
    0x00000576,0x000500b7,0x00000106,0x00000578,0x00000577,0x000000f8,0x000300f7,0x0000057a,
    0x00000000,0x000400fa,0x00000578,0x00000579,0x0000057a,0x000200f8,0x00000579,0x0004003d,
    0x0000000c,0x0000057d,0x00000575,0x00050051,0x00000006,0x00000ce3,0x0000057d,0x00000002,
    0x000500ba,0x00000106,0x00000ce4,0x00000ce3,0x000000f8,0x000300f7,0x00000cec,0x00000000,
    0x000400fa,0x00000ce4,0x00000ce5,0x00000ce8,0x000200f8,0x00000ce5,0x00050051,0x00000006,
    0x00000ce7,0x0000057d,0x00000000,0x000200f9,0x00000cec,0x000200f8,0x00000ce8,0x0007004f,
    0x00000012,0x00000cea,0x0000057d,0x0000057d,0x00000000,0x00000001,0x0006000c,0x00000006,
    0x00000ceb,0x00000001,0x00000042,0x00000cea,0x000200f9,0x00000cec,0x000200f8,0x00000cec,
    0x000700f5,0x00000006,0x000017fb,0x00000ce7,0x00000ce5,0x00000ceb,0x00000ce8,0x0008000c,
    0x00000006,0x00000cef,0x00000001,0x0000002b,0x000017fb,0x000000f8,0x000000f7,0x0006000c,
    0x00000006,0x00000cf2,0x00000001,0x00000004,0x00000ce3,0x000500ba,0x00000106,0x00000cf4,
    0x00000cf2,0x000000f7,0x000300f7,0x00000cfe,0x00000000,0x000400fa,0x00000cf4,0x00000cf5,
    0x00000cf9,0x000200f8,0x00000cf5,0x00050085,0x00000006,0x00000cf7,0x00000360,0x00000cef,
    0x00050081,0x00000006,0x00000cf8,0x00000cf7,0x00000363,0x000200f9,0x00000cfe,0x000200f8,
    0x00000cf9,0x00050085,0x00000006,0x00000cfb,0x00000366,0x00000cef,0x00050081,0x00000006,
    0x00000cfd,0x00000cfb,0x00000cf2,0x000200f9,0x00000cfe,0x000200f8,0x00000cfe,0x000700f5,
    0x00000006,0x000017fc,0x00000cf8,0x00000cf5,0x00000cfd,0x00000cf9,0x00050051,0x00000006,
    0x00000d01,0x0000057d,0x00000003,0x00050050,0x00000012,0x00000d04,0x000017fc,0x00000d01,
    0x0004003d,0x0000047f,0x00000580,0x00000481,0x0004003d,0x00000483,0x00000581,0x00000485,
    0x00050056,0x00000487,0x00000582,0x00000580,0x00000581,0x00070058,0x0000000c,0x00000584,
    0x00000582,0x00000d04,0x00000002,0x000000f8,0x00050051,0x00000006,0x00000586,0x00000584,
    0x00000003,0x0008004f,0x0000002a,0x00000588,0x00000584,0x00000584,0x00000000,0x00000001,
    0x00000002,0x0005008e,0x0000002a,0x00000589,0x00000588,0x00000586,0x00050051,0x00000006,
    0x0000058b,0x00000589,0x00000000,0x00060052,0x0000000c,0x000013f0,0x0000058b,0x00000584,
    0x00000000,0x00050051,0x00000006,0x0000058d,0x00000589,0x00000001,0x00060052,0x0000000c,
    0x000013f2,0x0000058d,0x000013f0,0x00000001,0x00050051,0x00000006,0x0000058f,0x00000589,
    0x00000002,0x00060052,0x0000000c,0x000013f4,0x0000058f,0x000013f2,0x00000002,0x00050085,
    0x0000000c,0x00000592,0x0000051e,0x000013f4,0x000200f9,0x0000057a,0x000200f8,0x0000057a,
    0x000700f5,0x0000000c,0x0000181c,0x0000051e,0x00000560,0x00000592,0x00000cfe,0x0004003d,
    0x0000000c,0x00000594,0x00000593,0x00050085,0x0000000c,0x00000596,0x0000181c,0x00000594,
    0x000300f7,0x00000598,0x00000000,0x000400fa,0x00000425,0x00000597,0x00000598,0x000200f8,
    0x00000597,0x0004003d,0x00000018,0x0000059a,0x00000599,0x000500ab,0x00000106,0x0000059b,
    0x0000059a,0x000000c1,0x000200f9,0x00000598,0x000200f8,0x00000598,0x000700f5,0x00000106,
    0x0000059c,0x00000425,0x0000057a,0x0000059b,0x00000597,0x000300f7,0x0000059e,0x00000000,
    0x000400fa,0x0000059c,0x0000059d,0x0000059e,0x000200f8,0x0000059d,0x00060041,0x000003cf,
    0x000005a1,0x000004b6,0x0000027c,0x00000514,0x0004003d,0x00000018,0x000005a2,0x000005a1,
    0x0006000c,0x0000000c,0x000005a3,0x00000001,0x00000040,0x000005a2,0x00050051,0x00000006,
    0x000005a5,0x00000763,0x00000003,0x00050083,0x00000006,0x000005a6,0x000000f7,0x000005a5,
    0x0005008e,0x0000000c,0x000005a7,0x000005a3,0x000005a6,0x00050081,0x0000000c,0x000005a9,
    0x000005a7,0x00000763,0x0008004f,0x0000002a,0x00000d09,0x00000596,0x00000596,0x00000000,
    0x00000001,0x00000002,0x00050051,0x00000006,0x00000d0b,0x00000596,0x00000003,0x000500b7,
    0x00000106,0x00000d0c,0x00000d0b,0x000000f8,0x000300f7,0x00000d12,0x00000000,0x000400fa,
    0x00000d0c,0x00000d0d,0x00000d11,0x000200f8,0x00000d0d,0x00050088,0x00000006,0x00000d10,
    0x000000f7,0x00000d0b,0x000200f9,0x00000d12,0x000200f8,0x00000d11,0x000200f9,0x00000d12,
    0x000200f8,0x00000d12,0x000700f5,0x00000006,0x00001826,0x00000d10,0x00000d0d,0x000000f8,
    0x00000d11,0x0005008e,0x0000002a,0x00000d14,0x00000d09,0x00001826,0x0004003d,0x00000018,
    0x000005b1,0x00000599,0x0003003e,0x00000d16,0x00000d14,0x0008004f,0x0000002a,0x00000e50,
    0x000005a9,0x000005a9,0x00000000,0x00000001,0x00000002,0x00050051,0x00000006,0x00000e52,
    0x000005a9,0x00000003,0x000500b7,0x00000106,0x00000e53,0x00000e52,0x000000f8,0x000300f7,
    0x00000e59,0x00000000,0x000400fa,0x00000e53,0x00000e54,0x00000e58,0x000200f8,0x00000e54,
    0x00050088,0x00000006,0x00000e57,0x000000f7,0x00000e52,0x000200f9,0x00000e59,0x000200f8,
    0x00000e58,0x000200f9,0x00000e59,0x000200f8,0x00000e59,0x000700f5,0x00000006,0x00001827,
    0x00000e57,0x00000e54,0x000000f8,0x00000e58,0x0005008e,0x0000002a,0x00000e5b,0x00000e50,
    0x00001827,0x0003003e,0x00000d26,0x00000e5b,0x000300f7,0x00000e4a,0x00000000,0x002100fb,
    0x000005b1,0x00000e4a,0x0000000b,0x00000d51,0x00000001,0x00000d55,0x00000002,0x00000d5d,
    0x00000003,0x00000d6e,0x00000004,0x00000d72,0x00000005,0x00000d76,0x00000006,0x00000d99,
    0x00000007,0x00000dc6,0x00000008,0x00000dd7,0x00000009,0x00000e12,0x0000000a,0x00000e17,
    0x0000000c,0x00000e20,0x0000000d,0x00000e2b,0x0000000e,0x00000e36,0x0000000f,0x00000e40,
    0x000200f8,0x00000d51,0x0004003d,0x0000002a,0x00000d52,0x00000d16,0x00050085,0x0000002a,
    0x00000d54,0x00000d52,0x00000e5b,0x0003003e,0x00000d28,0x00000d54,0x000200f9,0x00000e4a,
    0x000200f8,0x00000d55,0x0004003d,0x0000002a,0x00000d56,0x00000d16,0x00050081,0x0000002a,
    0x00000d58,0x00000d56,0x00000e5b,0x00050085,0x0000002a,0x00000d5b,0x00000d56,0x00000e5b,
    0x00050083,0x0000002a,0x00000d5c,0x00000d58,0x00000d5b,0x0003003e,0x00000d28,0x00000d5c,
    0x000200f9,0x00000e4a,0x000200f8,0x00000d5d,0x0004003d,0x0000002a,0x00000d5e,0x00000d16,
    0x00050085,0x0000002a,0x00000d60,0x00000d5e,0x00000e5b,0x00050081,0x0000002a,0x00000d64,
    0x00000d5e,0x00000e5b,0x00050083,0x0000002a,0x00000d66,0x00000d64,0x00000d60,0x00050083,
    0x0000002a,0x00000d68,0x00000d66,0x00001e15,0x000500ba,0x000001ff,0x00000d6b,0x00000e5b,
    0x00001e15,0x000600a9,0x0000002a,0x00000d6c,0x00000d6b,0x00000d68,0x00000d60,0x0005008e,
    0x0000002a,0x00000d6d,0x00000d6c,0x000001f2,0x0003003e,0x00000d28,0x00000d6d,0x000200f9,
    0x00000e4a,0x000200f8,0x00000d6e,0x0004003d,0x0000002a,0x00000d6f,0x00000d16,0x0007000c,
    0x0000002a,0x00000d71,0x00000001,0x00000025,0x00000d6f,0x00000e5b,0x0003003e,0x00000d28,
    0x00000d71,0x000200f9,0x00000e4a,0x000200f8,0x00000d72,0x0004003d,0x0000002a,0x00000d73,
    0x00000d16,0x0007000c,0x0000002a,0x00000d75,0x00000001,0x00000028,0x00000d73,0x00000e5b,
    0x0003003e,0x00000d28,0x00000d75,0x000200f9,0x00000e4a,0x000200f8,0x00000d76,0x0008004f,
    0x0000002a,0x00000d7b,0x000005a9,0x000005a9,0x00000003,0x00000003,0x00000003,0x0008000c,
    0x0000002a,0x00000d7c,0x00000001,0x0000002b,0x00000e50,0x00001e5c,0x00000d7b,0x00050051,
    0x00000006,0x00000d7e,0x00000d7c,0x00000000,0x00060052,0x0000000c,0x00001407,0x00000d7e,
    0x00001e5f,0x00000000,0x00050051,0x00000006,0x00000d80,0x00000d7c,0x00000001,0x00060052,
    0x0000000c,0x00001409,0x00000d80,0x00001407,0x00000001,0x00050051,0x00000006,0x00000d82,
    0x00000d7c,0x00000002,0x00060052,0x0000000c,0x0000140b,0x00000d82,0x00001409,0x00000002,
    0x0004003d,0x0000002a,0x00000d83,0x00000d16,0x00050083,0x0000002a,0x00000d85,0x00001e16,
    0x00000d83,0x0008000c,0x0000002a,0x00000d88,0x00000001,0x0000002b,0x00000d85,0x00001e5c,
    0x00001e16,0x0005008e,0x0000002a,0x00000d8b,0x00000d88,0x00000e52,0x0008004f,0x0000002a,
    0x00000d8e,0x0000140b,0x0000140b,0x00000000,0x00000001,0x00000002,0x00050088,0x0000002a,
    0x00000d90,0x00000d8e,0x00000d8b,0x0007000c,0x0000002a,0x00000d91,0x00000001,0x00000025,
    0x00001e16,0x00000d90,0x0006000c,0x0000002a,0x00000d94,0x00000001,0x00000006,0x00000d8e,
    0x000500b4,0x000001ff,0x00000d97,0x00000d8b,0x00001e5c,0x000600a9,0x0000002a,0x00000d98,
    0x00000d97,0x00000d94,0x00000d91,0x0003003e,0x00000d28,0x00000d98,0x000200f9,0x00000e4a,
    0x000200f8,0x00000d99,0x0004003d,0x0000002a,0x00000d9a,0x00000d16,0x0008000c,0x0000002a,
    0x00000d9d,0x00000001,0x0000002b,0x00000d9a,0x00001e5c,0x00001e16,0x0003003e,0x00000d16,
    0x00000d9d,0x0008004f,0x0000002a,0x00000da2,0x000005a9,0x000005a9,0x00000003,0x00000003,
    0x00000003,0x0008000c,0x0000002a,0x00000da3,0x00000001,0x0000002b,0x00000e50,0x00001e5c,
    0x00000da2,0x00050051,0x00000006,0x00000da5,0x00000da3,0x00000000,0x00060052,0x0000000c,
    0x00001438,0x00000da5,0x000005a9,0x00000000,0x00050051,0x00000006,0x00000da7,0x00000da3,
    0x00000001,0x00060052,0x0000000c,0x0000143a,0x00000da7,0x00001438,0x00000001,0x00050051,
    0x00000006,0x00000da9,0x00000da3,0x00000002,0x00060052,0x0000000c,0x0000143c,0x00000da9,
    0x0000143a,0x00000002,0x000500b4,0x00000106,0x00000dac,0x00000e52,0x000000f8,0x000300f7,
    0x00000daf,0x00000000,0x000400fa,0x00000dac,0x00000dad,0x00000daf,0x000200f8,0x00000dad,
    0x00070050,0x0000000c,0x00001e56,0x00000da5,0x00000da7,0x00000da9,0x000000f7,0x000200f9,
    0x00000daf,0x000200f8,0x00000daf,0x000700f5,0x0000000c,0x00001c8c,0x0000143c,0x00000d99,
    0x00001e56,0x00000dad,0x00050051,0x00000006,0x00000db1,0x00001c8c,0x00000003,0x0008004f,
    0x0000002a,0x00000db3,0x00001c8c,0x00001c8c,0x00000000,0x00000001,0x00000002,0x00060050,
    0x0000002a,0x00000db4,0x00000db1,0x00000db1,0x00000db1,0x00050083,0x0000002a,0x00000db5,
    0x00000db4,0x00000db3,0x0004003d,0x0000002a,0x00000db8,0x00000d16,0x0005008e,0x0000002a,
    0x00000dbb,0x00000db8,0x00000db1,0x00050088,0x0000002a,0x00000dbc,0x00000db5,0x00000dbb,
    0x0007000c,0x0000002a,0x00000dbd,0x00000001,0x00000025,0x00001e16,0x00000dbc,0x0006000c,
    0x0000002a,0x00000dbf,0x00000001,0x00000006,0x00000db5,0x000500b4,0x000001ff,0x00000dc2,
    0x00000db8,0x00001e5c,0x000600a9,0x0000002a,0x00000dc3,0x00000dc2,0x00000dbf,0x00000dbd,
    0x00050083,0x0000002a,0x00000dc5,0x00001e16,0x00000dc3,0x0003003e,0x00000d28,0x00000dc5,
    0x000200f9,0x00000e4a,0x000200f8,0x00000dc6,0x0004003d,0x0000002a,0x00000dc7,0x00000d16,
    0x00050085,0x0000002a,0x00000dc9,0x00000dc7,0x00000e5b,0x00050081,0x0000002a,0x00000dcd,
    0x00000dc7,0x00000e5b,0x00050083,0x0000002a,0x00000dcf,0x00000dcd,0x00000dc9,0x00050083,
    0x0000002a,0x00000dd1,0x00000dcf,0x00001e15,0x000500ba,0x000001ff,0x00000dd4,0x00000dc7,
    0x00001e15,0x000600a9,0x0000002a,0x00000dd5,0x00000dd4,0x00000dd1,0x00000dc9,0x0005008e,
    0x0000002a,0x00000dd6,0x00000dd5,0x000001f2,0x0003003e,0x00000d28,0x00000dd6,0x000200f9,
    0x00000e4a,0x000200f8,0x00000dd7,0x000200f9,0x00000dd8,0x000200f8,0x00000dd8,0x000700f5,
    0x00000094,0x00001bfc,0x0000027c,0x00000dd7,0x00000e06,0x00000e04,0x000500b1,0x00000106,
    0x00000ddb,0x00001bfc,0x00000283,0x000400f6,0x00000e07,0x00000e04,0x00000000,0x000400fa,
    0x00000ddb,0x00000ddc,0x00000e07,0x000200f8,0x00000ddc,0x00050041,0x00000007,0x00000dde,
    0x00000d16,0x00001bfc,0x0004003d,0x00000006,0x00000ddf,0x00000dde,0x000500bc,0x00000106,
    0x00000de0,0x00000ddf,0x000001f9,0x000300f7,0x00000e03,0x00000000,0x000400fa,0x00000de0,
    0x00000de1,0x00000de8,0x000200f8,0x00000de1,0x00050041,0x00000007,0x00000de4,0x00000d26,
    0x00001bfc,0x0004003d,0x00000006,0x00000de5,0x00000de4,0x00050083,0x00000006,0x00000de6,
    0x000000f7,0x00000de5,0x00050041,0x00000007,0x00000de7,0x00000d28,0x00001bfc,0x0003003e,
    0x00000de7,0x00000de6,0x000200f9,0x00000e03,0x000200f8,0x00000de8,0x00050041,0x00000007,
    0x00000dea,0x00000d26,0x00001bfc,0x0004003d,0x00000006,0x00000deb,0x00000dea,0x000500bc,
    0x00000106,0x00000dec,0x00000deb,0x00000295,0x000300f7,0x00000e02,0x00000000,0x000400fa,
    0x00000dec,0x00000ded,0x00000dfa,0x000200f8,0x00000ded,0x0004003d,0x00000006,0x00000df1,
    0x00000dea,0x00050085,0x00000006,0x00000df2,0x0000029a,0x00000df1,0x00050083,0x00000006,
    0x00000df3,0x00000df2,0x0000029f,0x0004003d,0x00000006,0x00000df6,0x00000dea,0x00050085,
    0x00000006,0x00000df7,0x00000df3,0x00000df6,0x00050081,0x00000006,0x00000df8,0x00000df7,
    0x000002a5,0x00050041,0x00000007,0x00000df9,0x00000d28,0x00001bfc,0x0003003e,0x00000df9,
    0x00000df8,0x000200f9,0x00000e02,0x000200f8,0x00000dfa,0x0004003d,0x00000006,0x00000dfe,
    0x00000dea,0x0006000c,0x00000006,0x00000dff,0x00000001,0x00000020,0x00000dfe,0x00050083,
    0x00000006,0x00000e00,0x00000dff,0x000000f7,0x00050041,0x00000007,0x00000e01,0x00000d28,
    0x00001bfc,0x0003003e,0x00000e01,0x00000e00,0x000200f9,0x00000e02,0x000200f8,0x00000e02,
    0x000200f9,0x00000e03,0x000200f8,0x00000e03,0x000200f9,0x00000e04,0x000200f8,0x00000e04,
    0x00050080,0x00000094,0x00000e06,0x00001bfc,0x000002b1,0x000200f9,0x00000dd8,0x000200f8,
    0x00000e07,0x0004003d,0x0000002a,0x00000e0a,0x00000d16,0x0005008e,0x0000002a,0x00000e0b,
    0x00000e0a,0x000001f2,0x00050083,0x0000002a,0x00000e0d,0x00000e0b,0x00001e16,0x00050085,
    0x0000002a,0x00000e0e,0x00000e5b,0x00000e0d,0x0004003d,0x0000002a,0x00000e0f,0x00000d28,
    0x00050085,0x0000002a,0x00000e10,0x00000e0e,0x00000e0f,0x00050081,0x0000002a,0x00000e11,
    0x00000e5b,0x00000e10,0x0003003e,0x00000d28,0x00000e11,0x000200f9,0x00000e4a,0x000200f8,
    0x00000e12,0x0004003d,0x0000002a,0x00000e14,0x00000d16,0x00050083,0x0000002a,0x00000e15,
    0x00000e5b,0x00000e14,0x0006000c,0x0000002a,0x00000e16,0x00000001,0x00000004,0x00000e15,
    0x0003003e,0x00000d28,0x00000e16,0x000200f9,0x00000e4a,0x000200f8,0x00000e17,0x0004003d,
    0x0000002a,0x00000e18,0x00000d16,0x00050081,0x0000002a,0x00000e1a,0x00000e18,0x00000e5b,
    0x0005008e,0x0000002a,0x00000e1c,0x00000e18,0x000001f2,0x00050085,0x0000002a,0x00000e1e,
    0x00000e1c,0x00000e5b,0x00050083,0x0000002a,0x00000e1f,0x00000e1a,0x00000e1e,0x0003003e,
    0x00000d28,0x00000e1f,0x000200f9,0x00000e4a,0x000200f8,0x00000e20,0x000300f7,0x00000e2a,
    0x00000000,0x000400fa,0x000002cc,0x00000e21,0x00000e2a,0x000200f8,0x00000e21,0x0004003d,
    0x0000002a,0x00000e22,0x00000d16,0x0008000c,0x0000002a,0x00000e25,0x00000001,0x0000002b,
    0x00000e22,0x00001e5c,0x00001e16,0x0003003e,0x00000d16,0x00000e25,0x00050051,0x00000006,
    0x00000f14,0x00000e5b,0x00000000,0x00050051,0x00000006,0x00000f16,0x00000e5b,0x00000001,
    0x0007000c,0x00000006,0x00000f17,0x00000001,0x00000028,0x00000f14,0x00000f16,0x00050051,
    0x00000006,0x00000f0f,0x00000e5b,0x00000002,0x0007000c,0x00000006,0x00000f10,0x00000001,
    0x00000028,0x00000f17,0x00000f0f,0x0007000c,0x00000006,0x00000f27,0x00000001,0x00000025,
    0x00000f14,0x00000f16,0x0007000c,0x00000006,0x00000f20,0x00000001,0x00000025,0x00000f27,
    0x00000f0f,0x00050083,0x00000006,0x00000ef7,0x00000f10,0x00000f20,0x00050051,0x00000006,
    0x00000f34,0x00000e25,0x00000000,0x00050051,0x00000006,0x00000f36,0x00000e25,0x00000001,
    0x0007000c,0x00000006,0x00000f37,0x00000001,0x00000025,0x00000f34,0x00000f36,0x00050051,
    0x00000006,0x00000f2f,0x00000e25,0x00000002,0x0007000c,0x00000006,0x00000f30,0x00000001,
    0x00000025,0x00000f37,0x00000f2f,0x00060050,0x0000002a,0x00000efb,0x00000f30,0x00000f30,
    0x00000f30,0x00050083,0x0000002a,0x00000efc,0x00000e25,0x00000efb,0x00050051,0x00000006,
    0x00000f44,0x00000efc,0x00000000,0x00050051,0x00000006,0x00000f46,0x00000efc,0x00000001,
    0x0007000c,0x00000006,0x00000f47,0x00000001,0x00000028,0x00000f44,0x00000f46,0x00050051,
    0x00000006,0x00000f3f,0x00000efc,0x00000002,0x0007000c,0x00000006,0x00000f40,0x00000001,
    0x00000028,0x00000f47,0x00000f3f,0x0007000c,0x00000006,0x00000f01,0x00000001,0x00000028,
    0x0000018c,0x00000f40,0x00050088,0x00000006,0x00000f02,0x00000ef7,0x00000f01,0x0005008e,
    0x0000002a,0x00000f05,0x00000efc,0x00000f02,0x00050094,0x00000006,0x00000f80,0x00000e5b,
    0x00001e5d,0x00050094,0x00000006,0x00000f92,0x00000f05,0x00001e5d,0x00060050,0x0000002a,
    0x00000f5d,0x00000f92,0x00000f92,0x00000f92,0x00050083,0x0000002a,0x00000f5e,0x00000f05,
    0x00000f5d,0x00050083,0x00000006,0x00000f60,0x000000f7,0x00000f80,0x00050050,0x00000012,
    0x00001e50,0x00000f80,0x00000f60,0x00050051,0x00000006,0x00000fb9,0x00000f5e,0x00000000,
    0x00050051,0x00000006,0x00000fbb,0x00000f5e,0x00000001,0x0007000c,0x00000006,0x00000fbc,
    0x00000001,0x00000025,0x00000fb9,0x00000fbb,0x00050051,0x00000006,0x00000fb4,0x00000f5e,
    0x00000002,0x0007000c,0x00000006,0x00000fb5,0x00000001,0x00000025,0x00000fbc,0x00000fb4,
    0x0004007f,0x00000006,0x00000f66,0x00000fb5,0x0007000c,0x00000006,0x00000fcc,0x00000001,
    0x00000028,0x00000fb9,0x00000fbb,0x0007000c,0x00000006,0x00000fc5,0x00000001,0x00000028,
    0x00000fcc,0x00000fb4,0x00050050,0x00000012,0x00001e52,0x00000f66,0x00000fc5,0x0007000c,
    0x00000012,0x00000f6a,0x00000001,0x00000028,0x00001e5e,0x00001e52,0x00050088,0x00000012,
    0x00000f6b,0x00001e50,0x00000f6a,0x00050051,0x00000006,0x00000f6e,0x00000f6b,0x00000000,
    0x00050051,0x00000006,0x00000f70,0x00000f6b,0x00000001,0x0007000c,0x00000006,0x00000f71,
    0x00000001,0x00000025,0x00000f6e,0x00000f70,0x0007000c,0x00000006,0x00000f72,0x00000001,
    0x00000025,0x000000f7,0x00000f71,0x0005008e,0x0000002a,0x00000f75,0x00000f5e,0x00000f72,
    0x00060050,0x0000002a,0x00000f77,0x00000f80,0x00000f80,0x00000f80,0x00050081,0x0000002a,
    0x00000f78,0x00000f75,0x00000f77,0x0003003e,0x00000d28,0x00000f78,0x000200f9,0x00000e2a,
    0x000200f8,0x00000e2a,0x000200f9,0x00000e4a,0x000200f8,0x00000e2b,0x000300f7,0x00000e35,
    0x00000000,0x000400fa,0x000002cc,0x00000e2c,0x00000e35,0x000200f8,0x00000e2c,0x0004003d,
    0x0000002a,0x00000e2d,0x00000d16,0x0008000c,0x0000002a,0x00000e30,0x00000001,0x0000002b,
    0x00000e2d,0x00001e5c,0x00001e16,0x0003003e,0x00000d16,0x00000e30,0x00050051,0x00000006,
    0x00001018,0x00000e30,0x00000000,0x00050051,0x00000006,0x0000101a,0x00000e30,0x00000001,
    0x0007000c,0x00000006,0x0000101b,0x00000001,0x00000028,0x00001018,0x0000101a,0x00050051,
    0x00000006,0x00001013,0x00000e30,0x00000002,0x0007000c,0x00000006,0x00001014,0x00000001,
    0x00000028,0x0000101b,0x00001013,0x0007000c,0x00000006,0x0000102b,0x00000001,0x00000025,
    0x00001018,0x0000101a,0x0007000c,0x00000006,0x00001024,0x00000001,0x00000025,0x0000102b,
    0x00001013,0x00050083,0x00000006,0x00000ffb,0x00001014,0x00001024,0x00050051,0x00000006,
    0x00001038,0x00000e5b,0x00000000,0x00050051,0x00000006,0x0000103a,0x00000e5b,0x00000001,
    0x0007000c,0x00000006,0x0000103b,0x00000001,0x00000025,0x00001038,0x0000103a,0x00050051,
    0x00000006,0x00001033,0x00000e5b,0x00000002,0x0007000c,0x00000006,0x00001034,0x00000001,
    0x00000025,0x0000103b,0x00001033,0x00060050,0x0000002a,0x00000fff,0x00001034,0x00001034,
    0x00001034,0x00050083,0x0000002a,0x00001000,0x00000e5b,0x00000fff,0x00050051,0x00000006,
    0x00001048,0x00001000,0x00000000,0x00050051,0x00000006,0x0000104a,0x00001000,0x00000001,
    0x0007000c,0x00000006,0x0000104b,0x00000001,0x00000028,0x00001048,0x0000104a,0x00050051,
    0x00000006,0x00001043,0x00001000,0x00000002,0x0007000c,0x00000006,0x00001044,0x00000001,
    0x00000028,0x0000104b,0x00001043,0x0007000c,0x00000006,0x00001005,0x00000001,0x00000028,
    0x0000018c,0x00001044,0x00050088,0x00000006,0x00001006,0x00000ffb,0x00001005,0x0005008e,
    0x0000002a,0x00001009,0x00001000,0x00001006,0x00050094,0x00000006,0x00001084,0x00000e5b,
    0x00001e5d,0x00050094,0x00000006,0x00001096,0x00001009,0x00001e5d,0x00060050,0x0000002a,
    0x00001061,0x00001096,0x00001096,0x00001096,0x00050083,0x0000002a,0x00001062,0x00001009,
    0x00001061,0x00050083,0x00000006,0x00001064,0x000000f7,0x00001084,0x00050050,0x00000012,
    0x00001e4a,0x00001084,0x00001064,0x00050051,0x00000006,0x000010bd,0x00001062,0x00000000,
    0x00050051,0x00000006,0x000010bf,0x00001062,0x00000001,0x0007000c,0x00000006,0x000010c0,
    0x00000001,0x00000025,0x000010bd,0x000010bf,0x00050051,0x00000006,0x000010b8,0x00001062,
    0x00000002,0x0007000c,0x00000006,0x000010b9,0x00000001,0x00000025,0x000010c0,0x000010b8,
    0x0004007f,0x00000006,0x0000106a,0x000010b9,0x0007000c,0x00000006,0x000010d0,0x00000001,
    0x00000028,0x000010bd,0x000010bf,0x0007000c,0x00000006,0x000010c9,0x00000001,0x00000028,
    0x000010d0,0x000010b8,0x00050050,0x00000012,0x00001e4c,0x0000106a,0x000010c9,0x0007000c,
    0x00000012,0x0000106e,0x00000001,0x00000028,0x00001e5e,0x00001e4c,0x00050088,0x00000012,
    0x0000106f,0x00001e4a,0x0000106e,0x00050051,0x00000006,0x00001072,0x0000106f,0x00000000,
    0x00050051,0x00000006,0x00001074,0x0000106f,0x00000001,0x0007000c,0x00000006,0x00001075,
    0x00000001,0x00000025,0x00001072,0x00001074,0x0007000c,0x00000006,0x00001076,0x00000001,
    0x00000025,0x000000f7,0x00001075,0x0005008e,0x0000002a,0x00001079,0x00001062,0x00001076,
    0x00060050,0x0000002a,0x0000107b,0x00001084,0x00001084,0x00001084,0x00050081,0x0000002a,
    0x0000107c,0x00001079,0x0000107b,0x0003003e,0x00000d28,0x0000107c,0x000200f9,0x00000e35,
    0x000200f8,0x00000e35,0x000200f9,0x00000e4a,0x000200f8,0x00000e36,0x000300f7,0x00000e3f,
    0x00000000,0x000400fa,0x000002cc,0x00000e37,0x00000e3f,0x000200f8,0x00000e37,0x0004003d,
    0x0000002a,0x00000e38,0x00000d16,0x0008000c,0x0000002a,0x00000e3b,0x00000001,0x0000002b,
    0x00000e38,0x00001e5c,0x00001e16,0x0003003e,0x00000d16,0x00000e3b,0x00050094,0x00000006,
    0x00001128,0x00000e5b,0x00001e5d,0x00050094,0x00000006,0x0000113a,0x00000e3b,0x00001e5d,
    0x00060050,0x0000002a,0x00001105,0x0000113a,0x0000113a,0x0000113a,0x00050083,0x0000002a,
    0x00001106,0x00000e3b,0x00001105,0x00050083,0x00000006,0x00001108,0x000000f7,0x00001128,
    0x00050050,0x00000012,0x00001e44,0x00001128,0x00001108,0x00050051,0x00000006,0x00001161,
    0x00001106,0x00000000,0x00050051,0x00000006,0x00001163,0x00001106,0x00000001,0x0007000c,
    0x00000006,0x00001164,0x00000001,0x00000025,0x00001161,0x00001163,0x00050051,0x00000006,
    0x0000115c,0x00001106,0x00000002,0x0007000c,0x00000006,0x0000115d,0x00000001,0x00000025,
    0x00001164,0x0000115c,0x0004007f,0x00000006,0x0000110e,0x0000115d,0x0007000c,0x00000006,
    0x00001174,0x00000001,0x00000028,0x00001161,0x00001163,0x0007000c,0x00000006,0x0000116d,
    0x00000001,0x00000028,0x00001174,0x0000115c,0x00050050,0x00000012,0x00001e46,0x0000110e,
    0x0000116d,0x0007000c,0x00000012,0x00001112,0x00000001,0x00000028,0x00001e5e,0x00001e46,
    0x00050088,0x00000012,0x00001113,0x00001e44,0x00001112,0x00050051,0x00000006,0x00001116,
    0x00001113,0x00000000,0x00050051,0x00000006,0x00001118,0x00001113,0x00000001,0x0007000c,
    0x00000006,0x00001119,0x00000001,0x00000025,0x00001116,0x00001118,0x0007000c,0x00000006,
    0x0000111a,0x00000001,0x00000025,0x000000f7,0x00001119,0x0005008e,0x0000002a,0x0000111d,
    0x00001106,0x0000111a,0x00060050,0x0000002a,0x0000111f,0x00001128,0x00001128,0x00001128,
    0x00050081,0x0000002a,0x00001120,0x0000111d,0x0000111f,0x0003003e,0x00000d28,0x00001120,
    0x000200f9,0x00000e3f,0x000200f8,0x00000e3f,0x000200f9,0x00000e4a,0x000200f8,0x00000e40,
    0x000300f7,0x00000e49,0x00000000,0x000400fa,0x000002cc,0x00000e41,0x00000e49,0x000200f8,
    0x00000e41,0x0004003d,0x0000002a,0x00000e42,0x00000d16,0x0008000c,0x0000002a,0x00000e45,
    0x00000001,0x0000002b,0x00000e42,0x00001e5c,0x00001e16,0x0003003e,0x00000d16,0x00000e45,
    0x00050094,0x00000006,0x000011cc,0x00000e45,0x00001e5d,0x00050094,0x00000006,0x000011de,
    0x00000e5b,0x00001e5d,0x00060050,0x0000002a,0x000011a9,0x000011de,0x000011de,0x000011de,
    0x00050083,0x0000002a,0x000011aa,0x00000e5b,0x000011a9,0x00050083,0x00000006,0x000011ac,
    0x000000f7,0x000011cc,0x00050050,0x00000012,0x00001e3e,0x000011cc,0x000011ac,0x00050051,
    0x00000006,0x00001205,0x000011aa,0x00000000,0x00050051,0x00000006,0x00001207,0x000011aa,
    0x00000001,0x0007000c,0x00000006,0x00001208,0x00000001,0x00000025,0x00001205,0x00001207,
    0x00050051,0x00000006,0x00001200,0x000011aa,0x00000002,0x0007000c,0x00000006,0x00001201,
    0x00000001,0x00000025,0x00001208,0x00001200,0x0004007f,0x00000006,0x000011b2,0x00001201,
    0x0007000c,0x00000006,0x00001218,0x00000001,0x00000028,0x00001205,0x00001207,0x0007000c,
    0x00000006,0x00001211,0x00000001,0x00000028,0x00001218,0x00001200,0x00050050,0x00000012,
    0x00001e40,0x000011b2,0x00001211,0x0007000c,0x00000012,0x000011b6,0x00000001,0x00000028,
    0x00001e5e,0x00001e40,0x00050088,0x00000012,0x000011b7,0x00001e3e,0x000011b6,0x00050051,
    0x00000006,0x000011ba,0x000011b7,0x00000000,0x00050051,0x00000006,0x000011bc,0x000011b7,
    0x00000001,0x0007000c,0x00000006,0x000011bd,0x00000001,0x00000025,0x000011ba,0x000011bc,
    0x0007000c,0x00000006,0x000011be,0x00000001,0x00000025,0x000000f7,0x000011bd,0x0005008e,
    0x0000002a,0x000011c1,0x000011aa,0x000011be,0x00060050,0x0000002a,0x000011c3,0x000011cc,
    0x000011cc,0x000011cc,0x00050081,0x0000002a,0x000011c4,0x000011c1,0x000011c3,0x0003003e,
    0x00000d28,0x000011c4,0x000200f9,0x00000e49,0x000200f8,0x00000e49,0x000200f9,0x00000e4a,
    0x000200f8,0x00000e4a,0x0004003d,0x0000002a,0x00000e4b,0x00000d28,0x00060050,0x0000002a,
    0x00001e5a,0x00000e52,0x00000e52,0x00000e52,0x0008000c,0x0000002a,0x00000d25,0x00000001,
    0x0000002e,0x00000d14,0x00000e4b,0x00001e5a,0x0005008e,0x0000002a,0x000005b5,0x00000d25,
    0x00000d0b,0x00050051,0x00000006,0x000005b7,0x000005b5,0x00000000,0x00060052,0x0000000c,
    0x00001525,0x000005b7,0x00000596,0x00000000,0x00050051,0x00000006,0x000005b9,0x000005b5,
    0x00000001,0x00060052,0x0000000c,0x00001527,0x000005b9,0x00001525,0x00000001,0x00050051,
    0x00000006,0x000005bb,0x000005b5,0x00000002,0x00060052,0x0000000c,0x00001529,0x000005bb,
    0x00001527,0x00000002,0x000200f9,0x0000059e,0x000200f8,0x0000059e,0x000700f5,0x0000000c,
    0x00001def,0x00000596,0x00000598,0x00001529,0x00000e4a,0x0005008e,0x0000000c,0x000005be,
    0x00001def,0x00001de1,0x00050051,0x00000006,0x000005c1,0x000005be,0x00000003,0x00050083,
    0x00000006,0x000005c2,0x000000f7,0x000005c1,0x0005008e,0x0000000c,0x000005c3,0x00000763,
    0x000005c2,0x00050081,0x0000000c,0x000005c5,0x000005c3,0x000005be,0x0008004f,0x0000002a,
    0x000005ca,0x000005c5,0x000005c5,0x00000000,0x00000001,0x00000002,0x00050051,0x00000006,
    0x000005cd,0x000005c5,0x00000003,0x00050041,0x00000477,0x000005d2,0x00000475,0x000005c6,
    0x0004003d,0x00000006,0x000005d3,0x000005d2,0x00050041,0x00000477,0x000005d5,0x00000475,
    0x000005c7,0x0004003d,0x00000006,0x000005d6,0x000005d5,0x000500b7,0x00000106,0x00001235,
    0x000005cd,0x000000f8,0x000500a7,0x00000106,0x00001236,0x00000159,0x00001235,0x000300f7,
    0x00001241,0x00000000,0x000400fa,0x00001236,0x00001237,0x0000123f,0x000200f8,0x00001237,
    0x00050051,0x00000006,0x00001248,0x00000504,0x00000000,0x00050085,0x00000006,0x00001249,
    0x00000143,0x00001248,0x00050051,0x00000006,0x0000124b,0x00000504,0x00000001,0x00050085,
    0x00000006,0x0000124c,0x00000147,0x0000124b,0x00050081,0x00000006,0x0000124d,0x00001249,
    0x0000124c,0x0006000c,0x00000006,0x0000124e,0x00000001,0x0000000a,0x0000124d,0x00050085,
    0x00000006,0x00001250,0x0000014e,0x0000124e,0x0006000c,0x00000006,0x00001251,0x00000001,
    0x0000000a,0x00001250,0x00050085,0x00000006,0x00001254,0x00001251,0x000005d3,0x00050081,
    0x00000006,0x00001256,0x00001254,0x000005d6,0x00060050,0x0000002a,0x0000123d,0x00001256,
    0x00001256,0x00001256,0x00050081,0x0000002a,0x0000123e,0x0000123d,0x000005ca,0x000200f9,
    0x00001241,0x000200f8,0x0000123f,0x000200f9,0x00001241,0x000200f8,0x00001241,0x000700f5,
    0x0000002a,0x00001dfc,0x0000123e,0x00001237,0x000005ca,0x0000123f,0x00050051,0x00000006,
    0x000005d9,0x00001dfc,0x00000000,0x00060052,0x0000000c,0x0000152f,0x000005d9,0x000005c5,
    0x00000000,0x00050051,0x00000006,0x000005db,0x00001dfc,0x00000001,0x00060052,0x0000000c,
    0x00001531,0x000005db,0x0000152f,0x00000001,0x00050051,0x00000006,0x000005dd,0x00001dfc,
    0x00000002,0x00060052,0x0000000c,0x00001533,0x000005dd,0x00001531,0x00000002,0x000300f7,
    0x0000127c,0x00000000,0x000300fb,0x000000c1,0x0000125a,0x000200f8,0x0000125a,0x00050081,
    0x00000006,0x0000125f,0x000005d9,0x000005db,0x00050081,0x00000006,0x00001262,0x0000125f,
    0x000005dd,0x00050081,0x00000006,0x00001265,0x00001262,0x000005cd,0x000500b4,0x00000106,
    0x00001266,0x00001265,0x000000f8,0x000300f7,0x00001268,0x00000000,0x000400fa,0x00001266,
    0x00001267,0x00001268,0x000200f8,0x00001267,0x000200f9,0x0000127c,0x000200f8,0x00001268,
    0x00050083,0x00000006,0x0000126b,0x000000f7,0x000005cd,0x000500b7,0x00000106,0x0000126d,
    0x0000126b,0x000000f8,0x000300f7,0x00001277,0x00000000,0x000400fa,0x0000126d,0x0000126e,
    0x00001277,0x000200f8,0x0000126e,0x00060041,0x000003cf,0x00001270,0x000004b6,0x0000027c,
    0x00000514,0x0004003d,0x00000018,0x00001271,0x00001270,0x0006000c,0x0000000c,0x00001272,
    0x00000001,0x00000040,0x00001271,0x0005008e,0x0000000c,0x00001274,0x00001272,0x0000126b,
    0x00050081,0x0000000c,0x00001276,0x00001533,0x00001274,0x000200f9,0x00001277,0x000200f8,
    0x00001277,0x000700f5,0x0000000c,0x00001dfe,0x00001533,0x00001268,0x00001276,0x0000126e,
    0x0006000c,0x00000018,0x0000127a,0x00000001,0x00000037,0x00001dfe,0x00060041,0x000003cf,
    0x0000127b,0x000004b6,0x0000027c,0x00000514,0x0003003e,0x0000127b,0x0000127a,0x000200f9,
    0x0000127c,0x000200f8,0x0000127c,0x000500ab,0x00000106,0x0000127f,0x000017c6,0x000000c1,
    0x000300f7,0x00001284,0x00000000,0x000400fa,0x0000127f,0x00001280,0x00001284,0x000200f8,
    0x00001280,0x00060041,0x000003cf,0x00001283,0x000003ca,0x0000027c,0x00000514,0x0003003e,
    0x00001283,0x000017c6,0x000200f9,0x00001284,0x000200f8,0x00001284,0x0003003e,0x00000539,
    0x000005e9,0x000100fd,0x00010038,
};
